,0,text,polarity,subjectivity,sentiment,neg,neu,pos,compound
0,"@JanHacker9 @YouTube @Cisco ‚ÄúIf wars can be started by lies, peace can be started by TRUTH‚Äù.
- Julian Assange",       if wars can be started by lies  peace can be started by truth     julian assange,0.0,0.0,negative,0.276,0.474,0.25,-0.1531
1,"RT @ApoticaGH: The more you see, the more you solve, the more you solve, the more efficient, resilient and agile your entire organization b‚Ä¶", the more you see  the more you solve  the more you solve  the more efficient  resilient and agile your entire organization b ,0.4166666666666667,0.5625,positive,0.0,0.713,0.287,0.7391
2,"123

xalj3",123  xalj3,0.0,0.0,neutral,0.0,1.0,0.0,0.0
3,just memorize the,just memorize the,0.0,0.0,neutral,0.0,1.0,0.0,0.0
4,RT @joeclark947: @WIRED @CIOonline @avast_antivirus @kaspersky @AVGFree @symantec @ESET @NortonOnline @TheHackersNews @hackernoon @Cisco @M‚Ä¶,       antivirus                   ,0.0,0.0,neutral,0.0,1.0,0.0,0.0
5,"RT @telecoscat: üè≠Interessant√≠ssima visita la d'ahir al centre de co-innovaci√≥ de @cisco_spain a BCN.
üì≤Un plaer descobrir als membres de @te‚Ä¶",  interessant ssima visita la d ahir al centre de co innovaci  de   spain a bcn   un plaer descobrir als membres de   ,0.0,0.0,neutral,0.0,1.0,0.0,0.0
7,"I've entered @LearningatCisco's #Cybersecurity Giveaway and now I want to share it with you! Enter through June 30,‚Ä¶ https://t.co/3e4OjXMvwM",i ve entered   s  cybersecurity giveaway and now i want to share it with you  enter through june 30    ,0.0,0.0,positive,0.0,0.8,0.2,0.3612
8,@Parv_S @CounterPointTR @Qualcomm @nokia @Huawei @SamsungMobile @oppo @ZTEPress @Cisco @TPLINK @inseego @NETGEAR‚Ä¶ https://t.co/AeFSWKmA0l,  s                         ,0.0,0.0,neutral,0.0,0.0,0.0,0.0
9,"The more you see, the more you solve, the more you solve, the more efficient, resilient and agile your entire organ‚Ä¶ https://t.co/RMuaprpdkl",the more you see  the more you solve  the more you solve  the more efficient  resilient and agile your entire organ   ,0.4166666666666667,0.5625,positive,0.0,0.713,0.287,0.7391
10,Cisco Talos discovers techniques to uncover ransomware groups  https://t.co/D8mXpwfWcc #CyberSecurity #Technology,cisco talos discovers techniques to uncover ransomware groups     cybersecurity  technology,0.0,0.0,neutral,0.0,1.0,0.0,0.0
11,"Spare me of humiliation, guilt, loneliness and unhappiness",spare me of humiliation  guilt  loneliness and unhappiness,0.0,0.0,negative,0.75,0.25,0.0,-0.9001
12,I don‚Äôt think my beloved tia Eva is going to live that much longer and she is an importance to me and if there is a‚Ä¶ https://t.co/Q0dm2lYW8o,i don t think my beloved tia eva is going to live that much longer and she is an importance to me and if there is a   ,0.34545454545454546,0.5666666666666667,positive,0.0,0.698,0.302,0.8442
13,"I want to run into to people I never met to ask for  headshot, selfie or my autograph ‚úçÔ∏è",i want to run into to people i never met to ask for  headshot  selfie or my autograph   ,0.0,0.0,positive,0.0,0.92,0.08,0.0772
14,"Women leaders &amp; their worldview is weak in my reportage on #Bangalore 
So meeting @DChittilapilly was spl. Many thi‚Ä¶ https://t.co/JMFqhMDmVG",women leaders  amp  their worldview is weak in my reportage on  bangalore  so meeting   was spl  many thi   ,0.0625,0.5625,negative,0.146,0.854,0.0,-0.4404
15,The workplace is evolving. What's the outlook for #cloud computing and #networking tech? Learn more from Cisco CFO‚Ä¶ https://t.co/5tD4uQjGwB,the workplace is evolving  what s the outlook for  cloud computing and  networking tech  learn more from cisco cfo   ,0.5,0.5,neutral,0.0,1.0,0.0,0.0
16,RT @HUReinaSofia: üåûüß†üè• ¬°Comenzamos el d√≠a d√°ndole la bienvenida al mes de #julio! Con esta bonita ilustraci√≥n del artista cordob√©s Cisco Esp‚Ä¶,      comenzamos el d a d ndole la bienvenida al mes de  julio  con esta bonita ilustraci n del artista cordob s cisco esp ,0.0,0.0,neutral,0.0,1.0,0.0,0.0
17,Cloud-Native Observability in the Experience Economy https://t.co/Ce3iOQw5MS https://t.co/bLMGFnlL5f,cloud native observability in the experience economy    ,0.0,0.0,neutral,0.0,1.0,0.0,0.0
18,@CISCO_Clown This is the closest resemblance to my oc (i don‚Äôt have a pic of my oc saved on my phone) https://t.co/XN35xlFts1,  clown this is the closest resemblance to my oc  i don t have a pic of my oc saved on my phone   ,0.0,0.0,positive,0.0,0.865,0.135,0.4215
19,"LUN„Åî„Å®„Å´„Éá„Éº„Çø„Çπ„Éà„Ç¢„Åå‰Ωú„Çâ„Çå„Çã„ÅÆ„Åã„Å™(1:1„ÅÆÈñ¢‰øÇ)„ÄÅHBA„ÅØ„Çµ„Éº„Éê„Å´Ë§áÊï∞„ÅÇ„Çã„Åë„Å©„Åù„ÅÆ‰Ωø„ÅÑÂàÜ„Åë„ÅåÂàÜ„Åã„Çâ„Çì„Å™ PortChannel„Å´„Çà„Çã‰Ωø„ÅÑÂàÜ„Åë„Å™„ÅÆ„Åã‚Ä¶Ôºü
 https://t.co/qBrhG3047b https://t.co/3yxtjk7aJm",lun                  1 1     hba                        portchannel                 ,0.0,0.0,neutral,0.0,1.0,0.0,0.0
20,"Here's why private 5G network is key for enterprises, according to @myTMgroup and @ciscoapac 
https://t.co/GeAjBHSlL3",here s why private 5g network is key for enterprises  according to   and     ,0.0,0.6875,neutral,0.0,1.0,0.0,0.0
21,Gesucht: IT Network Engineer (A) in Brugg (Schweiz). Bewerben Sie sich jetzt! https://t.co/Mmhq5Bh82o‚Ä¶ https://t.co/CPXQZVByL7,gesucht  it network engineer  a  in brugg  schweiz   bewerben sie sich jetzt     ,0.0,0.0,neutral,0.0,1.0,0.0,0.0
22,"BGP,OT,51540,DALNET-ASN, TR,-,Outage affected 19 prefixes, https://t.co/nmAbqxy69C",bgp ot 51540 dalnet asn  tr   outage affected 19 prefixes   ,0.0,0.0,negative,0.151,0.849,0.0,-0.1531
23,Wanted used servers Cisco laptops computers networking https://t.co/4XLPoyBrhp #itad #servers #cisco #dell #ibm #hp‚Ä¶ https://t.co/zUemyx1pWf,wanted used servers cisco laptops computers networking    itad  servers  cisco  dell  ibm  hp   ,0.0,0.0,neutral,0.0,1.0,0.0,0.0
24,"I've entered @LearningatCisco's #Cybersecurity Giveaway and now I want to share it with you! Enter through June 30,‚Ä¶ https://t.co/jNhLkMVA5e",i ve entered   s  cybersecurity giveaway and now i want to share it with you  enter through june 30    ,0.0,0.0,positive,0.0,0.8,0.2,0.3612
25,Cisconian Gary O‚ÄôConnor who leads Cisco‚Äôs #Pride development pillar talks about the strides made to make everyone c‚Ä¶ https://t.co/oqajGh17RX,cisconian gary o connor who leads cisco s  pride development pillar talks about the strides made to make everyone c   ,0.0,0.0,positive,0.0,0.87,0.13,0.34
26,"BGP,OT,26616,UBMEX DATA CENTER E TELECOMUNICACOES LTDA, BR,-,Outage affected 20 prefixes, https://t.co/BfaYzYOztm",bgp ot 26616 ubmex data center e telecomunicacoes ltda  br   outage affected 20 prefixes   ,-0.1,0.1,negative,0.118,0.882,0.0,-0.1531
27,"RT @CiscoSecure: JUST IN üö® The üÜï Cisco Secure #Firewall 3100 Series supports your evolving world, making #hybridwork and zero trust practic‚Ä¶", just in   the   cisco secure  firewall 3100 series supports your evolving world  making  hybridwork and zero trust practic ,0.4,0.6,positive,0.0,0.647,0.353,0.802
28,"RT @UCouponsMe: Cisco CCNP Collaboration 350-801 CLCOR Practice Exams ‚Äì JULY https://t.co/So3VqKy80f

#MachineLearning. #BigData #Analytics‚Ä¶", cisco ccnp collaboration 350 801 clcor practice exams   july     machinelearning   bigdata  analytics ,0.0,0.0,neutral,0.0,1.0,0.0,0.0
29,"üè≠Interessant√≠ssima visita la d'ahir al centre de co-innovaci√≥ de @cisco_spain a BCN.
üì≤Un plaer descobrir als membre‚Ä¶ https://t.co/zXp8RCaBJS", interessant ssima visita la d ahir al centre de co innovaci  de   spain a bcn   un plaer descobrir als membre   ,0.0,0.0,neutral,0.0,1.0,0.0,0.0
30,"[PRODUCT INFO] Our high performance #100G QSFP28 ZR4 80km #transceiver is compatible with Cisco, Juniper, Huawei, E‚Ä¶ https://t.co/KAv4wPqHeQ", product info  our high performance  100g qsfp28 zr4 80km  transceiver is compatible with cisco  juniper  huawei  e   ,0.16,0.5399999999999999,neutral,0.0,1.0,0.0,0.0
31,This professor,this professor,0.0,0.0,neutral,0.0,1.0,0.0,0.0
32,@Parv_S @CounterPointTR @Qualcomm @nokia @Huawei @SamsungMobile @oppo @ZTEPress @Cisco @TPLINK @inseego @NETGEAR‚Ä¶ https://t.co/FEi8z0I4p1,  s                         ,0.0,0.0,neutral,0.0,0.0,0.0,0.0
33,"I want to be a homeowner, here and there multiple incomes and learn how make them grow and stretch in many different ways",i want to be a homeowner  here and there multiple incomes and learn how make them grow and stretch in many different ways,0.16666666666666666,0.3666666666666667,positive,0.0,0.939,0.061,0.0772
35,I want to feel that remarkable feeling of being trustworthy and at all times everyone feeling making others feel co‚Ä¶ https://t.co/LaLcXtCEM3,i want to feel that remarkable feeling of being trustworthy and at all times everyone feeling making others feel co   ,0.75,0.75,positive,0.0,0.549,0.451,0.8591
36,RT @JWicander: Transform your network operations with the cloud-delivered power of Nexus Cloud https://t.co/uMJgURWlC6 via @CiscoDC, transform your network operations with the cloud delivered power of nexus cloud   via  ,0.0,0.0,neutral,0.0,1.0,0.0,0.0
37,Transform your network operations with the cloud-delivered power of Nexus Cloud https://t.co/uMJgURWlC6 via @CiscoDC,transform your network operations with the cloud delivered power of nexus cloud   via  ,0.0,0.0,neutral,0.0,1.0,0.0,0.0
38,"RT @c_4et: ÿ™ÿØÿ±Ÿäÿ® ÿ¥ÿ±ŸÉÿ© ÿ≥Ÿäÿ≥ŸÉŸà Cisco ŸÑŸÑÿÆÿ±Ÿäÿ¨ŸäŸÜ ÿßŸÑÿ¨ÿØÿØ 2022 ÿ®ÿ±ÿßÿ™ÿ® ÿ¥Ÿáÿ±Ÿä | ŸÅÿ±ÿµÿ© ŸÖŸÖÿ™ÿßÿ≤ÿ© 
ŸÖÿ¨ŸÖŸàÿπŸá ŸÖŸÜ ÿßŸÑŸÅÿ±ÿµ ŸÑÿß ÿ™ÿπŸàÿ∂ üëá

ÿßÿπŸÑŸÜÿ™ ÿ¥ÿ±ŸÉÿ© ÿ≥Ÿäÿ≥ŸÉŸà ÿßŸÑÿπÿßŸÑŸÖŸäÿ© ÿπŸÜ ÿ®ÿØÿ°‚Ä¶",                  cisco                2022                                                                                       ,0.0,0.0,neutral,0.0,1.0,0.0,0.0
40,6 Êúà 17 Êó•ÔΩû 6 Êúà 24 Êó•„ÅÆ 1 ÈÄ±Èñì„Å´„Åä„Åë„ÇãËÑÖÂ®Å„ÅÆ„Åæ„Å®„ÇÅ https://t.co/OAd3SsXxDp,6   17    6   24    1               ,0.0,0.0,neutral,0.0,1.0,0.0,0.0
41,"RT @Nairametrics: FG signs agreement with Huawei, CISCO to establish 300 academies in Nigeria - https://t.co/mDiyJVOJFZ https://t.co/WmTiyN‚Ä¶", fg signs agreement with huawei  cisco to establish 300 academies in nigeria      ,0.0,0.0,positive,0.0,0.775,0.225,0.4939
42,At @OUComputing we have been offering Cisco NetAcad to other education institutions for free since 2014 ...‚Ä¶ https://t.co/Q2CLE5cTfP,at   we have been offering cisco netacad to other education institutions for free since 2014       ,0.1375,0.5875,positive,0.0,0.809,0.191,0.5106
43,Review Cisco 730 Headset | Bom fone Bluetooth para o setor corporativo https://t.co/UzRa5Ln170,review cisco 730 headset   bom fone bluetooth para o setor corporativo  ,0.0,0.0,neutral,0.0,1.0,0.0,0.0
44,Autonomous Operations in Mining https://t.co/j3pY8Wab0A https://t.co/2UUhocXpZ1,autonomous operations in mining    ,0.4,0.7,neutral,0.0,1.0,0.0,0.0
45,RT @LearningatCisco: Don't miss the chance to train and certify in Cisco CyberOps or Security ‚Äî for free. Enter our Cybersecurity Giveaway‚Ä¶, don t miss the chance to train and certify in cisco cyberops or security   for free  enter our cybersecurity giveaway ,0.4,0.8,positive,0.066,0.617,0.317,0.7269
46,I want plenty of pussy that make s up for 14 years of being without. I want to know a few adult film entertainers a‚Ä¶ https://t.co/tRk2Ct64S2,i want plenty of pussy that make s up for 14 years of being without  i want to know a few adult film entertainers a   ,-0.05,0.2,positive,0.0,0.787,0.213,0.3818
47,Transform Digital Experiences with Insights and Expertise https://t.co/OrYyKq8hEb https://t.co/dzrxcztvHb,transform digital experiences with insights and expertise    ,0.0,0.0,neutral,0.0,1.0,0.0,0.0
48,Hair looking more grammar rules it's,hair looking more grammar rules it s,0.5,0.5,neutral,0.0,1.0,0.0,0.0
49,"Systems Engineer just added, please click on link for more information and to apply!  #VSATEngineers #VSATSystems‚Ä¶ https://t.co/alnhfTUh1E",systems engineer just added  please click on link for more information and to apply    vsatengineers  vsatsystems   ,0.5,0.5,positive,0.0,0.867,0.133,0.3182
50,"@tuscan_warrior @thenupod Used to be the case. #mikrotik routers reorder packets under load, especially with comple‚Ä¶ https://t.co/DUHIYp9umI",  warrior   used to be the case   mikrotik routers reorder packets under load  especially with comple   ,0.0,1.0,neutral,0.0,1.0,0.0,0.0
51,"RT @ciscoapac: With 81% of organizations having a multi-cloud strategy, protecting the integrity of the IT ecosystem is key üîë. EVP &amp; GM, @j‚Ä¶", with 81  of organizations having a multi cloud strategy  protecting the integrity of the it ecosystem is key    evp  amp  gm    ,0.0,1.0,positive,0.0,0.88,0.12,0.3818
52,CISCO SET MY FUCKING,cisco set my fucking,-0.6,0.8,neutral,0.0,1.0,0.0,0.0
53,Cisco beefs up Routed Optical Networking¬†portfolio https://t.co/52IuObfOri,cisco beefs up routed optical networking portfolio  ,0.0,0.0,neutral,0.0,1.0,0.0,0.0
54,"i only know Larry Ellison , if u thought i dont have any idol from human breed.

it was like 90's my dad was freque‚Ä¶ https://t.co/ZHNXBxmRFw",i only know larry ellison   if u thought i dont have any idol from human breed   it was like 90 s my dad was freque   ,0.0,0.55,positive,0.0,0.889,0.111,0.3612
56,"RT @ciscoapac: What does a successful and secure #HybridWork life look like? #Cybersecurity Expert, Dr. Magda Chelly @m49D4ch3lly takes us‚Ä¶", what does a successful and secure  hybridwork life look like   cybersecurity expert  dr  magda chelly   takes us ,0.575,0.7749999999999999,positive,0.0,0.599,0.401,0.8271
57,RT @joeclark947: @symantec @CIOonline @kaspersky @TheHackersNews @Bitdefender @Malwarebytes @NortonOnline @AVGFree @ESET @Cisco @avast_anti‚Ä¶,                       anti ,0.0,0.0,negative,1.0,0.0,0.0,-0.3182
58,Today‚Äôs Cyber Risk Management https://t.co/0MYe2faxAy https://t.co/Z3Mu9Wzl8j,today s cyber risk management    ,0.0,0.0,negative,0.412,0.588,0.0,-0.2732
60,RT @joeclark947: @symantec @CIOonline @kaspersky @TheHackersNews @NortonOnline @AVGFree @ESET @avast_antivirus @officialmcafee @Malwarebyte‚Ä¶,                 antivirus     ,0.0,0.0,neutral,0.0,1.0,0.0,0.0
62,RT @joeclark947: @CIOonline @avast_antivirus @kaspersky @AVGFree @ESET @Bitdefender @Cisco @McAfee e @briankrebs @schneierblog @gcluley @le‚Ä¶,     antivirus             e         ,0.0,0.0,neutral,0.0,1.0,0.0,0.0
63,"RT @PIRC_news: Meanwhile at Cisco, its ""global tax strategy document provides 'insufficient information' on governance &amp; risk management an‚Ä¶", meanwhile at cisco  its  global tax strategy document provides  insufficient information  on governance  amp  risk management an ,0.0,0.0,negative,0.116,0.884,0.0,-0.2732
64,"RT @joeclark947: @symantec @CIOonline @kaspersky @TheHackersNews @Bitdefender @Malwarebytes @NortonOnline @AVGFree
 @ESET @Cisco @avast_ant‚Ä¶",                        ant ,0.0,0.0,neutral,0.0,1.0,0.0,0.0
65,https://t.co/VbWPTyrl3o, ,0.0,0.0,neutral,0.0,0.0,0.0,0.0
66,"FG signs agreement with Huawei, CISCO to establish 300 academies in Nigeria",fg signs agreement with huawei  cisco to establish 300 academies in nigeria,0.0,0.0,positive,0.0,0.775,0.225,0.4939
67,Chubby Carrier‚ÄîThe Cisco Kid,chubby carrier the cisco kid,0.0,0.0,neutral,0.0,1.0,0.0,0.0
68,Today‚Äôs Cyber Risk Management https://t.co/kL588x570b https://t.co/vb22tuIA5l,today s cyber risk management    ,0.0,0.0,negative,0.412,0.588,0.0,-0.2732
69,Cisco Kid - Pizzaman (Radio Edit) https://t.co/HhR85RNA33,cisco kid   pizzaman  radio edit   ,0.0,0.0,neutral,0.0,1.0,0.0,0.0
70,Today‚Äôs Cyber Risk Management https://t.co/aYj5T72GUu https://t.co/NUatT2sHp3,today s cyber risk management    ,0.0,0.0,negative,0.412,0.588,0.0,-0.2732
71,Transforming Cyber Operations with Network Infrastructure as Code (IaC) https://t.co/6jgHv521uR https://t.co/7YczJn5Drm,transforming cyber operations with network infrastructure as code  iac     ,0.0,0.0,neutral,0.0,1.0,0.0,0.0
72,"FG signs agreement with Huawei, CISCO to establish 300 academies in Nigeria - https://t.co/mDiyJVOJFZ https://t.co/WmTiyNssiC",fg signs agreement with huawei  cisco to establish 300 academies in nigeria      ,0.0,0.0,positive,0.0,0.775,0.225,0.4939
74,"RT @ConsciaSverige: Conscias Joacim Wicander, CCIE med fokus p√• datacenter och moln intervjuad av Cisco Insider! https://t.co/YcOq32yZAa

#‚Ä¶", conscias joacim wicander  ccie med fokus p  datacenter och moln intervjuad av cisco insider       ,0.0,0.0,neutral,0.0,1.0,0.0,0.0
75,Unreal!  Coming in to the Cisco Event Center to celebrate LiveWhereYouWork and Cisco India being rated #1 GreatPlac‚Ä¶ https://t.co/CiUMTTgikA,unreal   coming in to the cisco event center to celebrate livewhereyouwork and cisco india being rated  1 greatplac   ,-0.1,0.1,positive,0.0,0.812,0.188,0.5719
76,Today‚Äôs Cyber Risk Management https://t.co/kwfPll7edW https://t.co/O8gd4QxwgQ,today s cyber risk management    ,0.0,0.0,negative,0.412,0.588,0.0,-0.2732
77,"Watch Jeetu Patel's Keynote at RSA - Jeetu Patel shares his vision for greater security resilience in a hybrid, mul‚Ä¶ https://t.co/FLO8Brovxf",watch jeetu patel s keynote at rsa   jeetu patel shares his vision for greater security resilience in a hybrid  mul   ,0.5,0.5,positive,0.0,0.606,0.394,0.7964
78,Today‚Äôs Cyber Risk Management https://t.co/ebsfESqinJ https://t.co/MX3YZtt3gV,today s cyber risk management    ,0.0,0.0,negative,0.412,0.588,0.0,-0.2732
80,"RT @mymindsmadness: #DailyCCNAQuestion 

Sorry, bit late. 

What is the connector type for a copper cat5e cable?

#CCNA #CiscoCert #Cisco #‚Ä¶",  dailyccnaquestion   sorry  bit late    what is the connector type for a copper cat5e cable    ccna  ciscocert  cisco   ,-0.4,0.8,negative,0.08,0.92,0.0,-0.0772
81,SecureX and Secure Firewall: Integration and Automation to Simplify Security https://t.co/J2VXZhlzjz https://t.co/HH0UBP8hNm,securex and secure firewall  integration and automation to simplify security    ,0.4,0.6,positive,0.0,0.625,0.375,0.5859
82,"Watch Jeetu Patel's Keynote at RSA - Jeetu Patel shares his vision for greater security resilience in a hybrid, mul‚Ä¶ https://t.co/rqH5zZ5VnR",watch jeetu patel s keynote at rsa   jeetu patel shares his vision for greater security resilience in a hybrid  mul   ,0.5,0.5,positive,0.0,0.606,0.394,0.7964
83,RT @joeclark947: @CIOonline @avast_antivirus @kaspersky @AVGFree @symantec @ESET @NortonOnline @TheHackersNews @hackernoon @Cisco @Microsof‚Ä¶,     antivirus                   ,0.0,0.0,neutral,0.0,1.0,0.0,0.0
84,RT @joeclark947: @TheHackersNews @CIOonline @WIRED @kaspersky @AVGFree @Bitdefender @symantec @ESET @NortonOnline @TheHackersNews @hackerno‚Ä¶,                       ,0.0,0.0,neutral,0.0,0.0,0.0,0.0
85,"RT @EdgarFr18856619: Route redistribution https://t.co/uiImQRuW58

.
 #cisco #ciscogateway #cisconetworking #ciscosecure #ciscosecurity #ci‚Ä¶", route redistribution        cisco  ciscogateway  cisconetworking  ciscosecure  ciscosecurity  ci ,0.0,0.0,neutral,0.0,1.0,0.0,0.0
87,"RT @mymindsmadness: New Blog/Lab idea

Are you interested in seeing how a DHCP starvation OR Rogue DHCP server attack can work? Then, confi‚Ä¶", new blog lab idea  are you interested in seeing how a dhcp starvation or rogue dhcp server attack can work  then  confi ,0.19318181818181818,0.4772727272727273,negative,0.125,0.766,0.109,-0.1027
88,"Telecom ICT Infrastructure Market to Witness Robust Expansion by 2029 | ZTE Corporation, Ciena, Cisco Systems ‚Äì Ind‚Ä¶ https://t.co/BL27REO7HS",telecom ict infrastructure market to witness robust expansion by 2029   zte corporation  ciena  cisco systems   ind   ,0.0,0.0,positive,0.0,0.862,0.138,0.34
89,"RT @mymindsmadness: #DailyCCNAQuestion 

What kind of routing protocol is IS-IS? 

#CCNA #CiscoCert #Cisco #networking #NetEng",  dailyccnaquestion   what kind of routing protocol is is is     ccna  ciscocert  cisco  networking  neteng,0.6,0.9,neutral,0.0,1.0,0.0,0.0
90,RT @arvindtw: Rising R&amp;D in the wired-communication semiconductor space can spur the global wired-communication #semiconductor market from‚Ä¶, rising r amp d in the wired communication semiconductor space can spur the global wired communication  semiconductor market from ,0.0,0.0,neutral,0.0,1.0,0.0,0.0
91,"RT @rajadarsh24: Cisco: Best place to work 2022
#LoveWhereYouWork #cisco
#greatplacetowork #1 https://t.co/NTmEdmL6pi", cisco  best place to work 2022  lovewhereyouwork  cisco  greatplacetowork  1  ,1.0,0.3,positive,0.0,0.656,0.344,0.6369
92,"RT @joeclark947: @Entrepreneur @Inc @HarvardBiz @CIOonline
@WIRED @kaspersky @AVGFree @Bitdefender @symantec @ESET @NortonOnline @TheHacker‚Ä¶",                         ,0.0,0.0,neutral,0.0,0.0,0.0,0.0
93,"Cisco: Best place to work 2022
#LoveWhereYouWork #cisco
#greatplacetowork #1 https://t.co/NTmEdmL6pi",cisco  best place to work 2022  lovewhereyouwork  cisco  greatplacetowork  1  ,1.0,0.3,positive,0.0,0.656,0.344,0.6369
95,#LoveWhereYouWork #APJC #Cisco  Cisco India #1 Great Place to work @Cisco @WeAreCisco https://t.co/1coh0C4nw7, lovewhereyouwork  apjc  cisco  cisco india  1 great place to work      ,0.8,0.75,positive,0.0,0.661,0.339,0.6249
98,"Cisco 350-701  pass on June.
Get the latest accurate exam dumps in https://t.co/PROxc1sBZS
visit us:‚Ä¶ https://t.co/lqndGPuQls",cisco 350 701  pass on june  get the latest accurate exam dumps in   visit us    ,0.45000000000000007,0.7666666666666667,negative,0.162,0.838,0.0,-0.4019
99,Cisco Foundation Sparks Innovation by Investing in Promising Solutions to Climate Change - Yahoo Finance‚Ä¶ https://t.co/VomCo4oglC,cisco foundation sparks innovation by investing in promising solutions to climate change   yahoo finance   ,0.2,0.5,positive,0.0,0.611,0.389,0.7184
100,#we are Cisco https://t.co/sVpVBvSkHY, we are cisco  ,0.0,0.0,neutral,0.0,1.0,0.0,0.0
102,"BGP,OT,51522,ONLINE, RU,-,Outage affected 17 prefixes, https://t.co/EVMXKZD0Ks",bgp ot 51522 online  ru   outage affected 17 prefixes   ,0.0,0.0,negative,0.167,0.833,0.0,-0.1531
103,"BGP,OT,28366,Marinter Telecom Ltda., BR,-,Outage affected 41 prefixes, https://t.co/iUdCXPF38W",bgp ot 28366 marinter telecom ltda   br   outage affected 41 prefixes   ,0.0,0.0,negative,0.138,0.862,0.0,-0.1531
104,"BGP,OT,SD,Sudan,-,Outage affected 103 prefixes, https://t.co/Oe53iv7V5K",bgp ot sd sudan   outage affected 103 prefixes   ,0.0,0.0,negative,0.186,0.814,0.0,-0.1531
105,"BGP,OT,12582,TSF-DATANET-NGD-AS Telia Finland MPLS VPN Services, FI,-,Outage affected 31 prefixes, https://t.co/ouRG3qMXPD",bgp ot 12582 tsf datanet ngd as telia finland mpls vpn services  fi   outage affected 31 prefixes   ,0.0,0.0,negative,0.091,0.909,0.0,-0.1531
106,"BGP,OT,133311,MAXTECH-AS Maxtech Broadband Pvt Ltd, IN,-,Outage affected 42 prefixes, https://t.co/eXPkliKpAE",bgp ot 133311 maxtech as maxtech broadband pvt ltd  in   outage affected 42 prefixes   ,0.0,0.0,negative,0.11,0.89,0.0,-0.1531
107,"BGP,OT,37155,-Reserved AS-, ZZ,-,Outage affected 15 prefixes, https://t.co/NspuNBc6ee",bgp ot 37155  reserved as   zz   outage affected 15 prefixes   ,0.0,0.0,negative,0.151,0.849,0.0,-0.1531
108,"BGP,OT,17400,EBONET, AO,-,Outage affected 58 prefixes, https://t.co/adfBiqBDJt",bgp ot 17400 ebonet  ao   outage affected 58 prefixes   ,0.0,0.0,negative,0.167,0.833,0.0,-0.1531
109,"BGP,OT,AO,Angola,-,Outage affected 126 prefixes, https://t.co/tueehsHvAl",bgp ot ao angola   outage affected 126 prefixes   ,0.0,0.0,negative,0.186,0.814,0.0,-0.1531
110,"BGP,OT,AO,Angola,-,Outage affected 45 prefixes, https://t.co/K2ojZqgQPM",bgp ot ao angola   outage affected 45 prefixes   ,0.0,0.0,negative,0.186,0.814,0.0,-0.1531
111,"BGP,OT,AO,Angola,-,Outage affected 85 prefixes, https://t.co/jNxNBWYNh0",bgp ot ao angola   outage affected 85 prefixes   ,0.0,0.0,negative,0.186,0.814,0.0,-0.1531
112,"BGP,OT,133724,SWASTIK-IN-AS Swastik Internet and Cables pvt. ltd., IN,-,Outage affected 16 prefixes, https://t.co/adH7VasPhA",bgp ot 133724 swastik in as swastik internet and cables pvt  ltd   in   outage affected 16 prefixes   ,0.0,0.0,negative,0.091,0.909,0.0,-0.1531
113,"BGP,OT,149794,,-,Outage affected 18 prefixes, https://t.co/SceQiymyyW",bgp ot 149794    outage affected 18 prefixes   ,0.0,0.0,negative,0.211,0.789,0.0,-0.1531
114,"BGP,OT,52562,INTELNET SERVICO DE MULTIMIDIA LTDA, BR,-,Outage affected 49 prefixes, https://t.co/jAQrH3lCDv",bgp ot 52562 intelnet servico de multimidia ltda  br   outage affected 49 prefixes   ,0.0,0.0,negative,0.118,0.882,0.0,-0.1531
115,"BGP,OT,44024,RO-RADUDRAGHICI RO-ISP-RADUDRAGHICI Data Network, RO,-,Outage affected 18 prefixes, https://t.co/LcnJ06zcNg",bgp ot 44024 ro radudraghici ro isp radudraghici data network  ro   outage affected 18 prefixes   ,0.0,0.0,negative,0.103,0.897,0.0,-0.1531
116,"BGP,OT,133724,SWASTIK-IN-AS Swastik Internet and Cables pvt. ltd., IN,-,Outage affected 16 prefixes, https://t.co/3ereNJxlzX",bgp ot 133724 swastik in as swastik internet and cables pvt  ltd   in   outage affected 16 prefixes   ,0.0,0.0,negative,0.091,0.909,0.0,-0.1531
117,"BGP,OT,327952,AS-NATCOM, NG,-,Outage affected 16 prefixes, https://t.co/ca0BihCkvb",bgp ot 327952 as natcom  ng   outage affected 16 prefixes   ,0.0,0.0,negative,0.151,0.849,0.0,-0.1531
118,"BGP,OT,271720,,-,Outage affected 48 prefixes, https://t.co/8XBuOYYO5j",bgp ot 271720    outage affected 48 prefixes   ,0.0,0.0,negative,0.211,0.789,0.0,-0.1531
119,"BGP,OT,31798,DATACITY, CA,-,Outage affected 174 prefixes, https://t.co/FjTPYbXJwi",bgp ot 31798 datacity  ca   outage affected 174 prefixes   ,0.0,0.0,negative,0.167,0.833,0.0,-0.1531
120,"Watch Jeetu Patel's Keynote at RSA - Jeetu Patel shares his vision for greater security resilience in a hybrid, mul‚Ä¶ https://t.co/2ou0G9b7UX",watch jeetu patel s keynote at rsa   jeetu patel shares his vision for greater security resilience in a hybrid  mul   ,0.5,0.5,positive,0.0,0.606,0.394,0.7964
121,"Watch Jeetu Patel's Keynote at RSA - Jeetu Patel shares his vision for greater security resilience in a hybrid, mul‚Ä¶ https://t.co/bZai8QKhTt",watch jeetu patel s keynote at rsa   jeetu patel shares his vision for greater security resilience in a hybrid  mul   ,0.5,0.5,positive,0.0,0.606,0.394,0.7964
123,Leafy fans like,leafy fans like,0.0,0.0,positive,0.0,0.444,0.556,0.3612
124,"RT @coolaustralia: Research social enterprises in your local community with your year 6 students in ‚ÄòThe Social Enterprise‚Äô. 

Created with‚Ä¶", research social enterprises in your local community with your year 6 students in  the social enterprise     created with ,0.022222222222222223,0.044444444444444446,positive,0.0,0.889,0.111,0.25
125,Understudies have begun to take their CyberOps Associate hopefully on the grounds that they have 200-201 Real Exam‚Ä¶ https://t.co/q3HMn6XUkZ,understudies have begun to take their cyberops associate hopefully on the grounds that they have 200 201 real exam   ,0.2,0.30000000000000004,positive,0.0,0.87,0.13,0.4019
126,"RT @Gordon71595261: I've entered @LearningatCisco's #Cybersecurity Giveaway and now I want to share it with you! Enter through June 30, 202‚Ä¶", i ve entered   s  cybersecurity giveaway and now i want to share it with you  enter through june 30  202 ,0.0,0.0,positive,0.0,0.811,0.189,0.3612
127,üåûüß†üè• ¬°Comenzamos el d√≠a d√°ndole la bienvenida al mes de #julio! Con esta bonita ilustraci√≥n del artista cordob√©s Cis‚Ä¶ https://t.co/ZOFiltjJWr,     comenzamos el d a d ndole la bienvenida al mes de  julio  con esta bonita ilustraci n del artista cordob s cis   ,0.0,0.0,neutral,0.0,1.0,0.0,0.0
129,RT @joeclark947: @CIOonline @WIRED @kaspersky @avast_antivirus @AVGFree @ESET @TheHackersNews @hackernoon  @cyber @Microsoft @symantec @Cis‚Ä¶,         antivirus                  ,0.0,0.0,neutral,0.0,1.0,0.0,0.0
131,RT @joeclark947: @CIOonline @WIRED @kaspersky @avast_antivirus @AVGFree @ESET @TheHackersNews @hackernoon @cyber @Microsoft @symantec @Cisc‚Ä¶,         antivirus                 ,0.0,0.0,neutral,0.0,1.0,0.0,0.0
132,"We've just got this new Cisco Meraki MX67 - Network Security / Firewall Appliance in.

Since your not doing much, c‚Ä¶ https://t.co/sCjglp0IE4",we ve just got this new cisco meraki mx67   network security   firewall appliance in   since your not doing much  c   ,0.16818181818181818,0.32727272727272727,positive,0.0,0.882,0.118,0.34
133,"Attention #CiscoPartners! Join us at the Logicom Cisco Partner Networking Event on July 19th, 2022.  Hear the lates‚Ä¶ https://t.co/jScj2VZjBO",attention  ciscopartners  join us at the logicom cisco partner networking event on july 19th  2022   hear the lates   ,0.0,0.0,positive,0.0,0.885,0.115,0.296
136,Expertos avisan de un peligroso malware para routers. Lo denominan ZuoRAT y parece afectar desde hace tiempo a m√°s‚Ä¶ https://t.co/5H1nilmDw0,expertos avisan de un peligroso malware para routers  lo denominan zuorat y parece afectar desde hace tiempo a m s   ,0.0,0.0,neutral,0.0,1.0,0.0,0.0
137,THERES TWITTER SFX NOW!? ALL THIS TIME I THOUGHT SOME FUCKING WEIRD ASS BIRD WAS OUTSIDE MY WINDOW,theres twitter sfx now   all this time i thought some fucking weird ass bird was outside my window,-0.25,0.525,negative,0.278,0.722,0.0,-0.6976
138,RT @joeclark947: @symantec @briankrebs @CIOonline @kaspersky @TheHackersNews @Bitdefender @Malwarebytes @NortonOnline @AVGFree @ESET @Cisco‚Ä¶,                       ,0.0,0.0,neutral,0.0,0.0,0.0,0.0
139,RT @joeclark947: @CNN @WSJ @nytimes @TIME @TheEconomist @Newsweek @NPR @WIRED @Microsoft @CNET @business @TheAtlantic @HarvardBiz @Cisco @j‚Ä¶,                               ,0.0,0.0,neutral,0.0,0.0,0.0,0.0
141,"I've entered @LearningatCisco's #Cybersecurity Giveaway and now I want to share it with you! Enter through June 30,‚Ä¶ https://t.co/xBUVn2Jo0X",i ve entered   s  cybersecurity giveaway and now i want to share it with you  enter through june 30    ,0.0,0.0,positive,0.0,0.8,0.2,0.3612
143,"RT @joeclark947: @CIOonline @avast_antivirus @kaspersky @AVGFree  @symantec @ESET @NortonOnline @TheHackersNews @Cisco @IBM @Bitdefender 
#‚Ä¶",     antivirus                       ,0.0,0.0,neutral,0.0,1.0,0.0,0.0
144,"Wfh? No problem!
My multiple screen setup along with some music and gaming got me covered! Love working at cisco wh‚Ä¶ https://t.co/HUFLXvpsPq",wfh  no problem  my multiple screen setup along with some music and gaming got me covered  love working at cisco wh   ,0.25,0.3,negative,0.181,0.664,0.155,0.0772
145,RT @joeclark947: @CIOonline @avast_antivirus @kaspersky @AVGFree @symantec @ESET  @TheHackersNews @hackernoon @Cisco @Microsoft @IBM @intel‚Ä¶,     antivirus                      ,0.0,0.0,neutral,0.0,1.0,0.0,0.0
146,"Big Data in Smart Cities Market 2022-2027 Size, Growth And Forecast - Designer Women The research study offers deep‚Ä¶ https://t.co/i16DuQU6Bt",big data in smart cities market 2022 2027 size  growth and forecast   designer women the research study offers deep   ,0.07857142857142857,0.2857142857142857,positive,0.0,0.762,0.238,0.6486
147,RT Cisco &amp; Netgear routers are being targeted in a cyberattack campaign: https://t.co/NKA7JSmUul,rt cisco  amp  netgear routers are being targeted in a cyberattack campaign   ,0.0,0.0,neutral,0.0,1.0,0.0,0.0
148,"@c6NRrL5UUZWt9WC „Åô„Åø„Åæ„Åõ„Çì„Å®„Çä„ÅÇ„Åà„Åö„ÅÑ„ÅÑÂºÅË≠∑Â£´„Åï„ÇìÁü•„Å£„Å¶„Åü„ÇâÊïô„Åà„Å¶È†Ç„Åë„Åæ„ÅôÔºü

‰ªä„Åæ„Åß„ÅÇ„Çä„Åå„Å®„ÅÜ„Åî„Åñ„ÅÑ„Åæ„Åó„Åü„ÄÇ„ÄÇ",                                                  ,0.0,0.0,neutral,0.0,0.0,0.0,0.0
149,"Cisco Wireless CCIE double pass on June.
Get the latest accurate exam dumps in https://t.co/PROxc1sBZS
visit us:‚Ä¶ https://t.co/dvIfv0jJIB",cisco wireless ccie double pass on june  get the latest accurate exam dumps in   visit us    ,0.30000000000000004,0.5111111111111112,negative,0.153,0.847,0.0,-0.4019
150,"Dependable and doesn‚Äôt complain, keep his composure well in tact while under pressure, easily adapts crea to change‚Ä¶ https://t.co/ZbvVuhbrkR",dependable and doesn t complain  keep his composure well in tact while under pressure  easily adapts crea to change   ,0.43333333333333335,0.8333333333333334,negative,0.203,0.603,0.194,-0.0516
151,"Weed, or Tweek,nor Cocaine,no pill popping, or popper training, plenty of sleep, enough food with taste plenty of n‚Ä¶ https://t.co/G3CFVnKeE6",weed  or tweek nor cocaine no pill popping  or popper training  plenty of sleep  enough food with taste plenty of n   ,0.0,0.5,positive,0.0,0.91,0.09,0.2235
152,Every detail is going to nothing less than dedication starting now and believe me its going to hurt in many ways bu‚Ä¶ https://t.co/wlbvSf47dH,every detail is going to nothing less than dedication starting now and believe me its going to hurt in many ways bu   ,0.11111111111111112,0.22222222222222224,negative,0.139,0.861,0.0,-0.5267
153,"@JanHacker9 @Cisco @MIT ‚ÄúThe real story of this material is that it‚Äôs war, it‚Äôs one damn thing after another. It is‚Ä¶ https://t.co/Ze0BTG9qSG",       the real story of this material is that it s war  it s one damn thing after another  it is   ,0.2,0.30000000000000004,negative,0.292,0.708,0.0,-0.765
154,"Cloud Vpn Market Quality &amp; Quantity Analysis | Cisco Systems, Huawei, Microsoft, Google https://t.co/2mLd8Quc34 Clo‚Ä¶ https://t.co/QmC5FBnVo5",cloud vpn market quality  amp  quantity analysis   cisco systems  huawei  microsoft  google   clo   ,0.0,0.0,neutral,0.0,1.0,0.0,0.0
155,"@c6NRrL5UUZWt9WC „Éã„Ç≠„Éì„Å®„Å™ÔºüËã•„ÅÑ„Å™„ÅÅ‚Ä¶
„Éã„Ç≠„Éì„Å™„Çì„Å¶„ÇÇ„ÅÜ10Âπ¥‰ª•‰∏äÂá∫Êù•„Å¶„Å™„ÅÑ„Çì„Å†„Åå‚Ä¶

ÂÉï„ÅØ„Åô„ÅêÂè£ÂÜÖÁÇé„Å´„Å™„Çä„Åæ„Åô„Å≠
„Åæ„ÅÇÂü∫Êú¨„Åµ„Çä„Åã„Åë„ÅîÈ£Ø„Åã„Åù„ÅÜ„ÇÅ„Çì„Åã„Åù„Å∞„Åã„ÅÜ„Å©„Çì„ÅÆ„É≠„Éº„ÉÜ„Éº„Ç∑„Éß„É≥„Å´ÈùíÊ±Å„Å®„Éó„É≠„ÉÜ„Ç§„É≥„Å†„Åë„Å£„Å¶Ë®Ä„ÅÜÂÅè„Å£„Åü‚Ä¶ https://t.co/ioZkAUZaZG",                      10                                                                               ,0.0,0.0,neutral,0.0,1.0,0.0,0.0
156,"RT @SaintTnt: I've entered @LearningatCisco's #Cybersecurity Giveaway and now I want to share it with you! Enter through June 30, 2022, for‚Ä¶", i ve entered   s  cybersecurity giveaway and now i want to share it with you  enter through june 30  2022  for ,0.0,0.0,positive,0.0,0.821,0.179,0.3612
158,"RT @ciscoapac: .@Cisco signed two collaboration agreements with @myTMgroup to drive key projects in 5G and SME transformation, as part of o‚Ä¶",    signed two collaboration agreements with   to drive key projects in 5g and sme transformation  as part of o ,0.0,1.0,positive,0.0,0.884,0.116,0.2732
159,@MikeBarendse @nana_sibalkhulu Lol who,    sibalkhulu lol who,0.8,0.7,positive,0.0,0.417,0.583,0.4215
160,"Try Free Demo Here:
https://t.co/ln6EOVBcaW
#certsgoal #300_835‚Äåexamquestions #300_835‚Äåpracticetest‚Ä¶ https://t.co/LTqV12CDOR",try free demo here     certsgoal  300 835 examquestions  300 835 practicetest   ,0.4,0.8,positive,0.0,0.752,0.248,0.5106
161,–ü–∞—Ä—Ç–Ω–µ—Ä—ã Cisco –≤ –†–§ –Ω–∞—á–∞–ª–∏ –ø–æ–ª—É—á–∞—Ç—å –ø–∏—Å—å–º–∞ –ø–æ –ø–æ–≤–æ–¥—É –≤—ã–ø–ª–∞—Ç —Ä–∏–±–µ–π—Ç–æ–≤ –∏ –∫–æ–º–ø–µ–Ω—Å–∞—Ü–∏–∏ –º–∞—Ä–∫–µ—Ç–∏–Ω–≥–æ–≤—ã—Ö —Ñ–æ–Ω–¥–æ–≤‚Ä¶ https://t.co/2JvmWNhRQb,         cisco                                                                                            ,0.0,0.0,neutral,0.0,1.0,0.0,0.0
162,Got blocked for a charmer,got blocked for a charmer,0.0,0.0,positive,0.3,0.286,0.414,0.2023
163,"@ip_cisco (B) because 2 for Vlan 2&amp;3 , 1 for Link between Switch A and Router A , 1 for Link between Switch B and Router A",  cisco  b  because 2 for vlan 2 amp 3   1 for link between switch a and router a   1 for link between switch b and router a,0.0,0.0,neutral,0.0,1.0,0.0,0.0
164,".@Cisco signed two collaboration agreements with @myTMgroup to drive key projects in 5G and SME transformation, as‚Ä¶ https://t.co/bWKjjU8JcD",   signed two collaboration agreements with   to drive key projects in 5g and sme transformation  as   ,0.0,1.0,positive,0.0,0.87,0.13,0.2732
165,RT @joeclark947: @CIOonline @avast_antivirus @kaspersky @AVGFree @symantec @ESET @NortonOnline @TheHackersNews  @Cisco @Microsoft @WIRED @v‚Ä¶,     antivirus                      ,0.0,0.0,neutral,0.0,1.0,0.0,0.0
166,RT @joeclark947: @CIOonline @avast_antivirus @kaspersky @AVGFree @symantec @ESET @NortonOnline @TheHackersNews  @Cisco @Microsoft @IBM @int‚Ä¶,     antivirus                      ,0.0,0.0,neutral,0.0,1.0,0.0,0.0
172,RT @joeclark947: @CIOonline @avast_antivirus @kaspersky @AVGFree @symantec @ESET @NortonOnline @TheHackersNews @Cisco @Microsoft @IBM @inte‚Ä¶,     antivirus                     ,0.0,0.0,neutral,0.0,1.0,0.0,0.0
173,RT @joeclark947: @kaspersky @avast_antivirus @AVGFree @ESET @Bitdefender @Malwarebytes @Sophos @CIOonline @TheHackersNews @symantec @cyber‚Ä¶,     antivirus                   ,0.0,0.0,neutral,0.0,1.0,0.0,0.0
174,RT @joeclark947: @GoDaddy @HostGator @Cloudways @a2hosting @SiteGround @bluehost @DreamHost @awscloud @Azure @googlecloud @IBM @Oracle @sal‚Ä¶,                           ,0.0,0.0,neutral,0.0,0.0,0.0,0.0
176,RT @joeclark947: @amazon @Microsoft @kaspersky @Cloudflare @Cisco @ESET @CIOonline @cyber @TheHackersNews @avast_antivirus @AVGFree @WIRED‚Ä¶,                     antivirus     ,0.0,0.0,neutral,0.0,1.0,0.0,0.0
177,RT @joeclark947: @kaspersky @avast_antivirus @AVGFree @ESET @CIOonline @WIRED @CNET @TechCrunch @TheHackersNews @Microsoft @IBM @Cisco @ver‚Ä¶,     antivirus                       ,0.0,0.0,neutral,0.0,1.0,0.0,0.0
178,RT @joeclark947: @CIOonline @kaspersky @symantec @ESET @TheHackersNews @Cisco @IBM  @cyber @WIRED @verge @CNET @Forbes @Entrepreneur @Googl‚Ä¶,                              ,0.0,0.0,neutral,0.0,0.0,0.0,0.0
179,RT @joeclark947: @Avast @kaspersky @AVGFree @symantec @ESET @TheHackersNews @hackernoon @Cisco @Microsoft @cyber @WIRED @verge @CNET @Cloud‚Ä¶,                             ,0.0,0.0,neutral,0.0,0.0,0.0,0.0
180,"Top of Mind Security Insights from In-Person Interactions

https://t.co/3cpWjLmvlk

Cisco Blogs
Top of Mind Securit‚Ä¶ https://t.co/RiD0YNhJ5O",top of mind security insights from in person interactions     cisco blogs top of mind securit   ,0.5,0.5,positive,0.0,0.667,0.333,0.6124
181,RT @joeclark947: @kaspersky @Avast @AVGFree @ESET @symantec  @McAfee @TrendMicro @Avira  @CIA @FBI  @IBM  @Forbes @CNN  @cyber @Cisco @Goog‚Ä¶,                                      ,0.0,0.0,neutral,0.0,0.0,0.0,0.0
182,"Try Free Demo Here:
https://t.co/SB9LR2YytW
#certsgoal #300_820‚Äåexamquestions #300_820‚Äåpracticetest‚Ä¶ https://t.co/KzVmPRbik0",try free demo here     certsgoal  300 820 examquestions  300 820 practicetest   ,0.4,0.8,positive,0.0,0.752,0.248,0.5106
183,RT @joeclark947: @CIOonline @Avast @AVGFree @kaspersky @ESET @WIRED @verge @CNET @TechCrunch @TheHackersNews @cyber @Forbes @IBM @Google @F‚Ä¶,                               ,0.0,0.0,neutral,0.0,0.0,0.0,0.0
184,RT @joeclark947: @kaspersky @AVGFree @Avast @ESET @symantec @WIRED @verge @TechCrunch @CIOonline @TheHackersNews @hackernoon @Cisco @Micros‚Ä¶,                           ,0.0,0.0,neutral,0.0,0.0,0.0,0.0
185,ÂÖµÂ∫´„Åã„ÇâÊù•„Åü„Å£„Å¶Ë®Ä„Å£„Å¶„Åü„ÅäÂßâ„Åï„Çì„ÅÆÈñ¢Ë•øÂºÅÂ•Ω„Åç„Å†„Å£„Åü„Å™„ÅÅ„Äú,                            ,0.0,0.0,neutral,0.0,0.0,0.0,0.0
186,"@AhoyLemon There's a reason why my use of Cisco brand products is a cycle of ""Begrudgingly install, use, uninstall‚Ä¶ https://t.co/iRB5i2bEv9",  there s a reason why my use of cisco brand products is a cycle of  begrudgingly install  use  uninstall   ,0.0,0.0,neutral,0.0,1.0,0.0,0.0
187,RT @joeclark947: @kaspersky @AVGFree @Avast @ESET @symantec @WIRED @verge @TechCrunch @CIOonline @TheHackersNews @Cisco @Microsoft @IBM @Av‚Ä¶,                             ,0.0,0.0,neutral,0.0,0.0,0.0,0.0
189,RT @joeclark947: @CNET @verge @TechCrunch @WIRED @PCMag @Google @Microsoft @Meta @Cisco @SamsungMobile @Apple @IBM @engadget @ATT @Verizon‚Ä¶,                               ,0.0,0.0,neutral,0.0,0.0,0.0,0.0
190,RT @joeclark947: @kaspersky @Avast @AVGFree @ESET @CIOonline @WIRED @CNET @TechCrunch @TheHackersNews @Microsoft @IBM @Cisco @verge @Cloudf‚Ä¶,                             ,0.0,0.0,neutral,0.0,0.0,0.0,0.0
191,@tchalametchile @instagram Reach out to #cisco_tools on Instagram he'll help you on that he is very fast and he wil‚Ä¶ https://t.co/woouB4PgG9,    reach out to  cisco tools on instagram he ll help you on that he is very fast and he wil   ,0.26,0.78,positive,0.0,0.826,0.174,0.4215
192,RT @joeclark947: @kaspersky @avast_antivirus @AVGFree @ESET @Bitdefender @CIOonline @TheHackersNews @symantec @cyber @WIRED @Cisco @Microso‚Ä¶,     antivirus                     ,0.0,0.0,neutral,0.0,1.0,0.0,0.0
193,"Didn't expect her to do that with her tongue üëÖüëÄ
https://t.co/0n2tEXTZjW https://t.co/17zqCVXV1d",didn t expect her to do that with her tongue       ,0.0,0.0,neutral,0.0,1.0,0.0,0.0
194,just,just,0.0,0.0,neutral,0.0,1.0,0.0,0.0
195,Angeli sporchi https://t.co/UMiyWnXc1Z,angeli sporchi  ,0.0,0.0,neutral,0.0,1.0,0.0,0.0
196,Anything I have said in the past that may offended anyone apologies and I would hope that we can both turn the page together,anything i have said in the past that may offended anyone apologies and i would hope that we can both turn the page together,-0.25,0.25,positive,0.08,0.803,0.116,0.2263
197,"RT @hackerb0t: Apple, Google, Microsoft, Samsung, CISCO, and Silicon Valley are all part of the CIA's massive, and globalized covert appara‚Ä¶", apple  google  microsoft  samsung  cisco  and silicon valley are all part of the cia s massive  and globalized covert appara ,0.0,1.0,neutral,0.0,1.0,0.0,0.0
198,"It‚Äôs midnight, bye June üëãüèΩ https://t.co/IU4c4wq4sq",it s midnight  bye june     ,0.0,0.0,neutral,0.0,1.0,0.0,0.0
199,Off alone the rest of our lives and if  that is case I would love to have a lot of women friends who love me  rathe‚Ä¶ https://t.co/TvIDp0jpQD,off alone the rest of our lives and if  that is case i would love to have a lot of women friends who love me  rathe   ,0.5,0.6,positive,0.06,0.597,0.343,0.8885
200,"So if you want to be my friend and remain just be cool and supportive and I will get you laid, but you have to sit‚Ä¶ https://t.co/msAc8cCeW4",so if you want to be my friend and remain just be cool and supportive and i will get you laid  but you have to sit   ,0.425,0.825,positive,0.0,0.76,0.24,0.5621
201,Attract new friends dates colleagues because they are on the same page. Make a good living.have nice things to shar‚Ä¶ https://t.co/ANwX71sZzb,attract new friends dates colleagues because they are on the same page  make a good living have nice things to shar   ,0.35909090909090907,0.5448863636363637,positive,0.0,0.586,0.414,0.8834
202,Gaining popularity with mutual admirers within my occupational community like plays and filmmaking hanging out with‚Ä¶ https://t.co/lVarwk7gYZ,gaining popularity with mutual admirers within my occupational community like plays and filmmaking hanging out with   ,0.0,0.0,positive,0.0,0.456,0.544,0.9022
203,"More dedication in the gym, possibly head back to school, be more involved as a father, looking to be recognized in‚Ä¶ https://t.co/0Y1arl6BJh",more dedication in the gym  possibly head back to school  be more involved as a father  looking to be recognized in   ,0.25,0.5,neutral,0.0,1.0,0.0,0.0
204,Cisco &amp; Netgear routers are being targeted in a cyberattack campaign: https://t.co/9aQJd5apTF,cisco  amp  netgear routers are being targeted in a cyberattack campaign   ,0.0,0.0,neutral,0.0,1.0,0.0,0.0
205,https://t.co/8omh6Dmn8N, ,0.0,0.0,neutral,0.0,0.0,0.0,0.0
206,RT @joeclark947: @kaspersky @Avast @AVGFree @ESET @symantec @CIOonline @DarkReading @TheHackersNews @CNET @WIRED @verge @Cisco @IBM @Micros‚Ä¶,                             ,0.0,0.0,neutral,0.0,0.0,0.0,0.0
207,RT @joeclark947: @CIOonline @kaspersky @symantec @ESET @TheHackersNews @Cisco @IBM @cyber @WIRED @verge @CNET @Forbes @Entrepreneur @Google‚Ä¶,                             ,0.0,0.0,neutral,0.0,0.0,0.0,0.0
208,https://t.co/up5i14Qjha, ,0.0,0.0,neutral,0.0,0.0,0.0,0.0
209,"Try Free Demo Here:
https://t.co/DfpOG95CrA
#certsgoal #300_815‚Äåexamquestions #300_815‚Äåpracticetest‚Ä¶ https://t.co/OKsc9pEwF5",try free demo here     certsgoal  300 815 examquestions  300 815 practicetest   ,0.4,0.8,positive,0.0,0.752,0.248,0.5106
210,RT @joeclark947: @bluehost @inmotionhosting @LiquidWeb @Hostinger @HostGator @GoDaddy @DreamHost @OVHcloud @PCMag @tomsguide @CNET @verge @‚Ä¶,                           ,0.0,0.0,neutral,0.0,0.0,0.0,0.0
211,"Did you know the average mid-sized company spends $1 million per year on downtime incidents?

See more, do more, an‚Ä¶ https://t.co/QjldvfoItF",did you know the average mid sized company spends  1 million per year on downtime incidents   see more  do more  an   ,0.2125,0.35,neutral,0.0,1.0,0.0,0.0
212,"#CiscoLive was incredible, whether you attended in-person or watched live on-demand. 

Be sure to check out‚Ä¶ https://t.co/GwxRm8828Y", ciscolive was incredible  whether you attended in person or watched live on demand    be sure to check out   ,0.5121212121212121,0.762962962962963,positive,0.076,0.808,0.116,0.2023
213,https://t.co/Z2GEyH0K9C, ,0.0,0.0,neutral,0.0,0.0,0.0,0.0
214,RT @60IT: Wanted used servers Cisco laptops computers networking https://t.co/4XLPoyBrhp #itad #servers #cisco #dell #ibm #hp #supermicro #‚Ä¶, wanted used servers cisco laptops computers networking    itad  servers  cisco  dell  ibm  hp  supermicro   ,0.0,0.0,neutral,0.0,1.0,0.0,0.0
215,"RT @nilojeda: Este 2022 voy a vestir con traje todos los d√≠as del a√±o. ü§µüèª‚Äç‚ôÇÔ∏è Si fallo, sortear√© 5.000‚Ç¨ entre alguien que de RT a este tuit‚Ä¶", este 2022 voy a vestir con traje todos los d as del a o        si fallo  sortear  5 000  entre alguien que de rt a este tuit ,0.0,0.0,neutral,0.0,1.0,0.0,0.0
216,RT @joeclark947: @CIOonline @kaspersky @AVGFree @avast_antivirus @ESET @WIRED @verge @TechCrunch @CNET @Entrepreneur @Forbes @CIA @Cisco @M‚Ä¶,         antivirus                     ,0.0,0.0,neutral,0.0,1.0,0.0,0.0
217,Wanted used servers Cisco laptops computers networking https://t.co/4XLPoyBrhp #itad #servers #cisco #dell #ibm #hp‚Ä¶ https://t.co/0fjjwB1WKa,wanted used servers cisco laptops computers networking    itad  servers  cisco  dell  ibm  hp   ,0.0,0.0,neutral,0.0,1.0,0.0,0.0
218,Les #donn√©es d'entreprise sont pr√©cieuses et n√©cessitent une attention particuli√®re. Notre nouvelle solution FlashS‚Ä¶ https://t.co/YQs4wgrAZj,les  donn es d entreprise sont pr cieuses et n cessitent une attention particuli re  notre nouvelle solution flashs   ,0.0,0.0,positive,0.0,0.874,0.126,0.3182
219,RT @joeclark947: @RSAConference @RSAsecurity  @WIRED @CIOonline @CNET @verge @TechCrunch  @kaspersky @AVGFree @ESET @TheHackersNews @hacker‚Ä¶,                           ,0.0,0.0,neutral,0.0,0.0,0.0,0.0
220,"Despu√©s de pruebas rigurosas, actualizaciones y certificados, te ser√° dif√≠cil distinguir un producto nuevo de uno r‚Ä¶ https://t.co/msmAsoN9Co",despu s de pruebas rigurosas  actualizaciones y certificados  te ser  dif cil distinguir un producto nuevo de uno r   ,0.0,0.0,neutral,0.0,1.0,0.0,0.0
221,When dog had a,when dog had a,0.0,0.0,neutral,0.0,1.0,0.0,0.0
222,@ip_cisco D,  cisco d,0.0,0.0,neutral,0.0,1.0,0.0,0.0
223,RT @Gadgets360: Analysts say that the upcoming 5G auctions may see low bidding by telecom operators due to the direct allocation of spectru‚Ä¶, analysts say that the upcoming 5g auctions may see low bidding by telecom operators due to the direct allocation of spectru ,-0.008333333333333331,0.3583333333333334,negative,0.095,0.905,0.0,-0.2732
224,"RT @TheFirstOkiro: No matter what happens, I‚Äôm always glad I got them back one last time https://t.co/9JMkZ5Wtac", no matter what happens  i m always glad i got them back one last time  ,0.16666666666666666,0.35555555555555557,positive,0.144,0.588,0.268,0.2263
225,"Try Free Demo Here:
https://t.co/2Q8dMa2t57
#certsgoal #300_810examquestions #300_810practicetest‚Ä¶ https://t.co/yAQbk7VTGY",try free demo here     certsgoal  300 810examquestions  300 810practicetest   ,0.4,0.8,positive,0.0,0.708,0.292,0.5106
226,RT @HSTodayMag: Cisco and GDIT Join Forces to Deliver Private 5G to Government Agencies https://t.co/40CIxKxzbq #hstoday, cisco and gdit join forces to deliver private 5g to government agencies    hstoday,0.0,0.375,positive,0.0,0.845,0.155,0.296
227,"RT @Cisco: üü† Tech innovation news
üîµ Cisco customers convos
üü¢ Notables from CEO Chuck Robbins

Get caught up with this video wrap up from #C‚Ä¶",   tech innovation news   cisco customers convos   notables from ceo chuck robbins  get caught up with this video wrap up from  c ,0.0,0.0,positive,0.0,0.88,0.12,0.3818
228,@itshanlouise @instagram @Meta Reach out to #cisco_tools on Instagram he'll help you on that he is very fast and he‚Ä¶ https://t.co/YTHSKTyvbB,      reach out to  cisco tools on instagram he ll help you on that he is very fast and he   ,0.26,0.78,positive,0.0,0.817,0.183,0.4215
229,"Try Free Demo Here:
https://t.co/MUHmpRlHgP
#certsgoal #300_730examquestions #300_730practicetest‚Ä¶ https://t.co/RUKpQ7pwjo",try free demo here     certsgoal  300 730examquestions  300 730practicetest   ,0.4,0.8,positive,0.0,0.708,0.292,0.5106
230,"Try Free Demo Here:
https://t.co/adlf1RTb8U
#certsgoal #300_725examquestions #300_725practicetest‚Ä¶ https://t.co/PInxVxJyEa",try free demo here     certsgoal  300 725examquestions  300 725practicetest   ,0.4,0.8,positive,0.0,0.708,0.292,0.5106
231,"@buntyoumaru104 ÂÆâ‰æ°„Å™ÊßãÁØâÊ∏à„Åø„ÇÇÁµêÊßãËâØ„ÅÑ„Åû
„Å†„ÅÑ„Åü„ÅÑ„ÅÆÂ±ïÈñã„Çπ„Éî„Éº„Éâ„ÇÇÊé¥„ÇÅ„Çã„ÅóÈÅäÊàØÁéã„ÅÆ„Çπ„Éà„É©„ÇØ„ÉÅ„É£„Éº„Åø„Åü„ÅÑ„Å´40ÊûöÂÖ®„Å¶ÈÅï„ÅÜ„Ç´„Éº„Éâ„Å®„Åã„ÅÑ„ÅÜË∂ÖÁµ∂„Éè„Ç§„É©„É≥„ÉÄ„Éº„Åò„ÇÉ„Å™„ÅÑ„Åã„ÇâÂÆâÂÆöÊÄß„ÇÇ„ÅÇ„Çã„Åß",                                               40                                 ,0.0,0.0,neutral,0.0,1.0,0.0,0.0
232,"RT @kkmm_gov: Hadir sama Ketua Setiausaha K-KOMM, Dato' Sri Haji Mohammad bin Mentek; Pengarah Urusan dan Ketua Pegawai Eksekutif Kumpulan‚Ä¶", hadir sama ketua setiausaha k komm  dato  sri haji mohammad bin mentek  pengarah urusan dan ketua pegawai eksekutif kumpulan ,0.0,0.0,neutral,0.0,1.0,0.0,0.0
233,"@katethekhemist @KiwiFunknuckle I miss Cisco phones, other hardware &amp; software üò¢ They are so user friendly and the‚Ä¶ https://t.co/JG8t7lyHBK",    i miss cisco phones  other hardware  amp  software   they are so user friendly and the   ,0.125,0.4375,positive,0.094,0.703,0.204,0.4364
234,"@Cisco WFH, and going to office only if it is a must it is the best thing that happened in working industry.
People‚Ä¶ https://t.co/UovtDPGsCs",  wfh  and going to office only if it is a must it is the best thing that happened in working industry  people   ,0.5,0.65,positive,0.0,0.826,0.174,0.6369
235,"RT @kkmm_gov: Menteri Komunikasi dan Multimedia, Tan Sri Datuk Seri Panglima TPr Annuar Haji Musa menyaksikan Majlis Menandatangani Perjanj‚Ä¶", menteri komunikasi dan multimedia  tan sri datuk seri panglima tpr annuar haji musa menyaksikan majlis menandatangani perjanj ,0.0,0.0,neutral,0.0,1.0,0.0,0.0
236,"Wireless Catalyst 9800 WLC KPIs, Part 1 https://t.co/ClTFXMhlIm https://t.co/eIb1O7rjSS",wireless catalyst 9800 wlc kpis  part 1    ,0.0,0.0,neutral,0.0,1.0,0.0,0.0
237,"PIW - Cisco ACI Upgrade Best Practices

Date: July 6, 2022 - 10:30 (1 Hour)
Language: English
Audience: Sales, Pre‚Ä¶ https://t.co/YrQe55YCBl",piw   cisco aci upgrade best practices  date  july 6  2022   10 30  1 hour  language  english audience  sales  pre   ,0.5,0.15,positive,0.0,0.792,0.208,0.6369
238,"Wireless Catalyst 9800 WLC KPIs, Part 1 https://t.co/CXFx8BasBH https://t.co/1WCDrUfuGG",wireless catalyst 9800 wlc kpis  part 1    ,0.0,0.0,neutral,0.0,1.0,0.0,0.0
239,You need,you need,0.0,0.0,neutral,0.0,1.0,0.0,0.0
240,"You‚Äôre viewing this Cisco-Meraki MS120-8 Cloud Managed Switch for a reason!

Visit: https://t.co/2VeqnJtL74 for sup‚Ä¶ https://t.co/qZVxRVIaJr",you re viewing this cisco meraki ms120 8 cloud managed switch for a reason   visit    for sup   ,0.0,0.0,neutral,0.0,1.0,0.0,0.0
241,"RT @bgpstream: BGP,OT,51522,ONLINE, RU,-,Outage affected 17 prefixes, https://t.co/o1iN8UJReT", bgp ot 51522 online  ru   outage affected 17 prefixes   ,0.0,0.0,negative,0.167,0.833,0.0,-0.1531
242,"If you know some of my secrets good for you but next task, and keep your mouth shut and my name out of it because I‚Ä¶ https://t.co/CEgIZZvLpZ",if you know some of my secrets good for you but next task  and keep your mouth shut and my name out of it because i   ,0.35,0.30000000000000004,positive,0.0,0.925,0.075,0.2382
243,"Na ≈Çamach @computerworld o ùêÄùê©ùê©ùêÉùê≤ùêßùêöùê¶ùê¢ùêúùê¨ ùêÇùê•ùê®ùêÆùêù, chmurowym rozwiƒÖzaniu @Cisco, zaprezentowanym podczas ùêÇùê¢ùê¨ùêúùê® ùêãùê¢ùêØùêû w La‚Ä¶ https://t.co/KnLbKHeVvz",na  amach   o                    chmurowym rozwi zaniu    zaprezentowanym podczas            w la   ,0.0,0.0,neutral,0.0,1.0,0.0,0.0
244,üéâ Congratulations Nidhi Pant @S4sTechnologies on winning this year‚Äôs #GCPrize @Cisco Youth Leadership Award! Your w‚Ä¶ https://t.co/FiQbOhscd9,  congratulations nidhi pant   on winning this year s  gcprize   youth leadership award  your w   ,0.5,0.75,positive,0.0,0.455,0.545,0.8957
245,"after cisco nexus, catalyst and fortigates, i really ENJOY configuring mikrotiks. not limiting your features and a‚Ä¶ https://t.co/bfLQZyne6z",after cisco nexus  catalyst and fortigates  i really enjoy configuring mikrotiks  not limiting your features and a   ,0.4,0.5,positive,0.0,0.8,0.2,0.5413
246,"Try Free Demo Here:
https://t.co/aJGjyO7W80
#certsgoal #300_720examquestions #300_720practicetest‚Ä¶ https://t.co/LBGp668Vp0",try free demo here     certsgoal  300 720examquestions  300 720practicetest   ,0.4,0.8,positive,0.0,0.708,0.292,0.5106
247,"Try Free Demo Here:
https://t.co/A88ELYIJD5
#certsgoal #300_715examquestions #300_715practicetest‚Ä¶ https://t.co/QrceyHs3Zo",try free demo here     certsgoal  300 715examquestions  300 715practicetest   ,0.4,0.8,positive,0.0,0.708,0.292,0.5106
248,SecureX and Secure Firewall: Integration and Automation to Simplify Security https://t.co/eZd0AlkXmr https://t.co/xtDtZwkNV7,securex and secure firewall  integration and automation to simplify security    ,0.4,0.6,positive,0.0,0.625,0.375,0.5859
249,Then carelessness and other regrets occurred and came back reoccurring telling myself ‚ÄúI will never do this again‚Äù‚Ä¶ https://t.co/QRIaqLzi3y,then carelessness and other regrets occurred and came back reoccurring telling myself  i will never do this again    ,-0.075,0.19166666666666665,negative,0.246,0.754,0.0,-0.5994
250,"RT @DodgerBlue1958: 53,094 announced attendance on Trea Turner bobblehead night. 

Ninth sellout at Dodger Stadium this season.", 53 094 announced attendance on trea turner bobblehead night    ninth sellout at dodger stadium this season ,0.0,0.0,neutral,0.0,1.0,0.0,0.0
251,SecureX and Secure Firewall: Integration and Automation to Simplify Security https://t.co/yiPcBXzbnW https://t.co/KTmDJKkF7D,securex and secure firewall  integration and automation to simplify security    ,0.4,0.6,positive,0.0,0.625,0.375,0.5859
252,"Watch Jeetu Patel's Keynote at RSA - Jeetu Patel shares his vision for greater security resilience in a hybrid, mul‚Ä¶ https://t.co/M1FEOfu6V4",watch jeetu patel s keynote at rsa   jeetu patel shares his vision for greater security resilience in a hybrid  mul   ,0.5,0.5,positive,0.0,0.606,0.394,0.7964
253,She saw my,she saw my,0.0,0.0,neutral,0.0,1.0,0.0,0.0
254,RT @QuickestTempa: üò≠üò≠üò≠üò≠üò≠ noooooooooooooooooooo. I would have ran away https://t.co/ETXgVONwg9,       noooooooooooooooooooo  i would have ran away  ,0.0,0.0,neutral,0.0,1.0,0.0,0.0
255,Transforming Cyber Operations with Network Infrastructure as Code (IaC) https://t.co/r00OpFhbXp https://t.co/68SmSOGomI,transforming cyber operations with network infrastructure as code  iac     ,0.0,0.0,neutral,0.0,1.0,0.0,0.0
256,RT @rahsh33m: That slide need some Vaseline üò©üò≠üò≠üíÄ https://t.co/x9yntkdsg8, that slide need some vaseline       ,0.0,0.0,neutral,0.0,1.0,0.0,0.0
257,Me too if it is callused or desensitized and that is what Meth does. I become a fuck god and it gets weat because y‚Ä¶ https://t.co/085jWMP2qU,me too if it is callused or desensitized and that is what meth does  i become a fuck god and it gets weat because y   ,-0.4,0.6,negative,0.137,0.781,0.082,-0.34
258,"Try Free Demo Here:
https://t.co/ck4IZDX3rM
#certsgoal #300_635examquestions #300_635practicetest‚Ä¶ https://t.co/PPGsuISAbr",try free demo here     certsgoal  300 635examquestions  300 635practicetest   ,0.4,0.8,positive,0.0,0.708,0.292,0.5106
260,"Say hello to Panoptica üëã

Panoptica, Cisco's Secure Application Cloud, provides application development and securit‚Ä¶ https://t.co/qMtpa88jZK",say hello to panoptica    panoptica  cisco s secure application cloud  provides application development and securit   ,0.4,0.6,positive,0.0,0.844,0.156,0.34
261,Triggers for using Meth and seeking sexual pleasures within the same sex gender cannot deny that it doesn‚Äôt feel go‚Ä¶ https://t.co/BlvVpbBPBE,triggers for using meth and seeking sexual pleasures within the same sex gender cannot deny that it doesn t feel go   ,0.25,0.4791666666666667,positive,0.0,0.785,0.215,0.6041
262,@deidra_austin_ @instagram Reach out to #cisco_tools on Instagram he'll help you on that he is very fast and he wil‚Ä¶ https://t.co/BeaDyLGRmI,  austin    reach out to  cisco tools on instagram he ll help you on that he is very fast and he wil   ,0.26,0.78,positive,0.0,0.833,0.167,0.4215
264,@Judy_74 @instagram Reach out to #cisco_tools on Instagram he'll help you on that he is very fast and he will help‚Ä¶ https://t.co/WRlRklussf,  74   reach out to  cisco tools on instagram he ll help you on that he is very fast and he will help   ,0.26,0.78,positive,0.0,0.745,0.255,0.6705
265,"@katethekhemist @KiwiFunknuckle It looks like my favourite desktop phone of all time - is it a Cisco phone?! Yes, I know I'm sad lol.",    it looks like my favourite desktop phone of all time   is it a cisco phone   yes  i know i m sad lol ,0.15000000000000002,0.85,positive,0.124,0.558,0.319,0.5994
266,Four reasons to accelerate your journey to full-stack observability https://t.co/KumpagNQ7E by @Pat_Patterson_V,four reasons to accelerate your journey to full stack observability   by   patterson v,0.35,0.55,neutral,0.0,1.0,0.0,0.0
267,"Cisco distributor¬†¬†in India - ICT Circle is the platform, where you can buy or sell products. We provide certified‚Ä¶ https://t.co/AvnXECQJKL",cisco distributor  in india   ict circle is the platform  where you can buy or sell products  we provide certified   ,0.0,0.0,neutral,0.0,1.0,0.0,0.0
268,Private Networks Give Big Tech Back-Door Entry in 5G Business: Telcos' Body https://t.co/vZeSGs6npz,private networks give big tech back door entry in 5g business  telcos  body  ,0.0,0.15833333333333333,neutral,0.0,1.0,0.0,0.0
269,"Mit Cisco Enterprise Agreement zu finanzieller Planbarkeit, vereinfachter IT Umgebung und Unterst√ºtzung technologis‚Ä¶ https://t.co/XMalKmkB9a",mit cisco enterprise agreement zu finanzieller planbarkeit  vereinfachter it umgebung und unterst tzung technologis   ,0.0,0.0,positive,0.0,0.802,0.198,0.4939
270,Cisco„ÅØ„Éè„Éº„Éâ„Åå„Åô„ÅêÂ£ä„Çå„Çã„ÅÆ„ÅßÂ´å„ÅÑ„Åß„Åô„ÄÇ„ÅÑ„Åè„Çâ„ÇΩ„Éï„Éà„ÅåËâØ„Åè„Å¶„ÇÇ„Å≠„Éª„Éª„Éª„Åù„Çì„Å™Ê≤¢Â±±Èù¢ÂÄíË¶ã„Å¶„Å™„ÅÑ„ÅØ„Åö„Å™„ÅÆ„Å´Â£ä„Çå„Åô„Åé„ÄÇ,cisco                                                     ,0.0,0.0,neutral,0.0,1.0,0.0,0.0
271,"RT @again4saratov: –ö–æ–Ω–µ—á–Ω–æ –∂–µ –ü—É—Ç–∏–Ω –¥–∞–∂–µ –Ω–µ –∑–Ω–∞–µ—Ç, —á—Ç–æ —Ç–∞–∫–æ–µ Cisco. –ü–æ—ç—Ç–æ–º—É —Å–µ–π—á–∞—Å —Ä–æ—Å—Å–∏—è–Ω–µ –≤–º–µ—Å—Ç–µ —Å –ü—É—Ç–∏–Ω—ã–º –Ω–µ–º–Ω–æ–≥–æ —É–¥–∏–≤—è—Ç—Å—è –æ—Ç —Ç–æ–≥–æ, —á—Ç–æ‚Ä¶",                                           cisco                                                                         ,0.0,0.0,neutral,0.0,1.0,0.0,0.0
272,Bro making me wanna train for the nfl https://t.co/u3RZPLYT8a,bro making me wanna train for the nfl  ,0.0,0.0,neutral,0.0,1.0,0.0,0.0
273,"And unreliable acquaintances are triggers for me one leading to one another, eventually. So help me God to help bui‚Ä¶ https://t.co/Lf6QhcNdvw",and unreliable acquaintances are triggers for me one leading to one another  eventually  so help me god to help bui   ,0.0,0.0,positive,0.0,0.645,0.355,0.8536
274,"What happened in my past, present and future that might seem a little strange or queer it happened and let‚Äôs move o‚Ä¶ https://t.co/Id1HTB9OyA",what happened in my past  present and future that might seem a little strange or queer it happened and let s move o   ,-0.0975,0.205,negative,0.073,0.927,0.0,-0.1298
275,That's why,that s why,0.0,0.0,neutral,0.0,1.0,0.0,0.0
276,"Public Cloud System Infrastructure Services Market Research ...
Public Cloud System Infrastructure Services Market‚Ä¶ https://t.co/m7D4EV1Ssl",public cloud system infrastructure services market research     public cloud system infrastructure services market   ,0.0,0.06666666666666667,neutral,0.0,1.0,0.0,0.0
277,@kennedymths_ Reach out to #cisco_tools on Instagram he'll help you on that he is very fast and he will help you with immediate effect.,   reach out to  cisco tools on instagram he ll help you on that he is very fast and he will help you with immediate effect ,0.26,0.78,positive,0.0,0.772,0.228,0.6705
278,@lovesTaeJoonBTS @facebook Reach out to #cisco_tools on Instagram he'll help you on that he is very fast and he wil‚Ä¶ https://t.co/M4HKkjnuOH,    reach out to  cisco tools on instagram he ll help you on that he is very fast and he wil   ,0.26,0.78,positive,0.0,0.826,0.174,0.4215
280,"RT @kkmm_gov: [Langsung]

Majlis Menandatangani Perjanjian Kerjasama antara Telekom Malaysia Berhad (TM) bersama Cisco International Limite‚Ä¶",  langsung   majlis menandatangani perjanjian kerjasama antara telekom malaysia berhad  tm  bersama cisco international limite ,0.0,0.0,neutral,0.0,1.0,0.0,0.0
283,@AntonioFrancesB Solo te puedo decir que muchas felicidades y que cisco tengamos ocasi√≥n lo celebramos por todo lo alto,  solo te puedo decir que muchas felicidades y que cisco tengamos ocasi n lo celebramos por todo lo alto,0.0,0.0,neutral,0.0,1.0,0.0,0.0
284,"RT @T10Artist: City Park need to Grease they Slides 
üòÇüòÇüòÇ https://t.co/G5fRKODkKA", city park need to grease they slides       ,0.0,0.0,neutral,0.0,1.0,0.0,0.0
285,Take,take,0.0,0.0,neutral,0.0,1.0,0.0,0.0
287,RT @genmnz: i just wanna be loved by u bro, i just wanna be loved by u bro,0.7,0.8,positive,0.0,0.562,0.438,0.5994
288,RT @denise47613384: @LuizOrlandoFre1 @Fran_cisco_BR Boa noite!,     cisco br boa noite ,0.0,0.0,neutral,0.0,1.0,0.0,0.0
289,@UniqueJames @facebook @nickclegg Reach out to #cisco_tools on Instagram he'll help you on that he is very fast and‚Ä¶ https://t.co/AaV2l5E26X,      reach out to  cisco tools on instagram he ll help you on that he is very fast and   ,0.26,0.78,positive,0.0,0.808,0.192,0.4215
290,@DocGTLBrown @Meta Reach out to #cisco_tools on Instagram he'll help you on that he is very fast and he will help you with immediate effect.,    reach out to  cisco tools on instagram he ll help you on that he is very fast and he will help you with immediate effect ,0.26,0.78,positive,0.0,0.772,0.228,0.6705
291,Caiu um cisco no meu olho ü•≤ https://t.co/9OH4mGMFWh,caiu um cisco no meu olho    ,0.0,0.0,negative,0.306,0.694,0.0,-0.296
292,Cisco Swank &amp; Luke Titus - Nothing's Changed (feat. Saba) (Some Things Take Time) https://t.co/NS3qlRRgNX,cisco swank  amp  luke titus   nothing s changed  feat  saba   some things take time   ,0.0,0.0,neutral,0.0,1.0,0.0,0.0
293,@RomeyoBoy2 @instagram Reach out to #cisco_tools on Instagram he'll help you on that he is very fast and he will he‚Ä¶ https://t.co/zXOw9dLMLF,    reach out to  cisco tools on instagram he ll help you on that he is very fast and he will he   ,0.26,0.78,positive,0.0,0.833,0.167,0.4215
294,@JaynaOmaye @instagram Reach out to #cisco_tools on Instagram he'll help you on that he is very fast and he will he‚Ä¶ https://t.co/INQLw3Auzj,    reach out to  cisco tools on instagram he ll help you on that he is very fast and he will he   ,0.26,0.78,positive,0.0,0.833,0.167,0.4215
295,üéâ Congratulations Nidhi Pant @S4sTechnologies on winning this year‚Äôs #GCPrize @Cisco Youth Leadership Award! Your w‚Ä¶ https://t.co/4YPhfxcc0Y,  congratulations nidhi pant   on winning this year s  gcprize   youth leadership award  your w   ,0.5,0.75,positive,0.0,0.455,0.545,0.8957
296,@ciscoapac @Cisco @davidstevenwest @ARNnet Congratulations My dear friends happy retha yatra India odisha festival‚Ä¶ https://t.co/u0MnuVrqGy,        congratulations my dear friends happy retha yatra india odisha festival   ,0.8,1.0,positive,0.0,0.233,0.767,0.9477
297,Success Pd#b,success pd b,0.3,0.0,positive,0.0,0.213,0.787,0.5719
298,"But what about Pete Carrol who‚Äôs NFL head coaching career didn‚Äôt take its turn until he was hired in Seattle, prior‚Ä¶ https://t.co/kUnTWnwY4j",but what about pete carrol who s nfl head coaching career didn t take its turn until he was hired in seattle  prior   ,0.0,0.0,neutral,0.0,1.0,0.0,0.0
299,Cisco „ÅØÂÜçÁèæ„Åó„Å™„ÅÑ„Ç±„Éº„Çπ„Å®„Éë„ÉÉ„ÉÅ„ÇíÂãùÊâã„Å´ÈÄÅ„Çä„Å§„Åë„Å¶„Åç„Å¶ÂÜçÁèæÁ¢∫Ë™ç„Åß„Åç„Å™„ÅÑ„Å´„ÇÇ„Åã„Åã„Çè„Çâ„ÅöÂãùÊâã„Å´ CVE ÁôªÈå≤„Åó„Å¶Êú¨ÂΩì„Å´ÈÖ∑„Åã„Å£„Åü„Éç... üò¢,cisco                                            cve                  ,0.0,0.0,neutral,0.0,1.0,0.0,0.0
300,Fam,fam,0.0,0.0,neutral,0.0,1.0,0.0,0.0
301,RT @LearningatCisco: Cisco Guided Study Groups combine the best of instructor-led training and self-paced e-learning. Sign up today!, cisco guided study groups combine the best of instructor led training and self paced e learning  sign up today ,1.0,0.3,positive,0.0,0.802,0.198,0.6369
302,Analysts say that the upcoming 5G auctions may see low bidding by telecom operators due to the direct allocation of‚Ä¶ https://t.co/mYxaVcQ2fO,analysts say that the upcoming 5g auctions may see low bidding by telecom operators due to the direct allocation of   ,-0.008333333333333331,0.3583333333333334,negative,0.1,0.9,0.0,-0.2732
303,@tayggan Eu nunca usei esses b√¥nus kkkk os √∫nicos que uso s√£o os de cisco azul e de equipe,  eu nunca usei esses b nus kkkk os  nicos que uso s o os de cisco azul e de equipe,0.0,0.0,neutral,0.0,1.0,0.0,0.0
304,"New: SDxCentral‚Äôs Top 10 Articles ‚Äî June 2022
Amazon crowned the top public cloud; Cisco connected its Cat‚Ä¶ https://t.co/EpMLIzkTT5",new  sdxcentral s top 10 articles   june 2022 amazon crowned the top public cloud  cisco connected its cat   ,0.28409090909090906,0.3803030303030303,positive,0.0,0.725,0.275,0.5106
305,"Indosat Business bekerja sama langsung dengan Cisco dalam menghadirkan Managed SD-WAN, sebuah teknologi yang dapat‚Ä¶ https://t.co/8VvwFYSSEZ",indosat business bekerja sama langsung dengan cisco dalam menghadirkan managed sd wan  sebuah teknologi yang dapat   ,-0.2,0.15000000000000002,neutral,0.0,1.0,0.0,0.0
306,Private Networks Give Big Tech Back-Door Entry in 5G Business: Telcos' Body https://t.co/oQVss2Ym6d https://t.co/rgL3ZDVjEf,private networks give big tech back door entry in 5g business  telcos  body    ,0.0,0.15833333333333333,neutral,0.0,1.0,0.0,0.0
307,"SDxCentral‚Äôs Top 10 Articles ‚Äî June 2022 
Amazon crowned the top public cloud; Cisco connected its Catalyst to the‚Ä¶ https://t.co/GTY8Z9A8B0",sdxcentral s top 10 articles   june 2022  amazon crowned the top public cloud  cisco connected its catalyst to the   ,0.3333333333333333,0.35555555555555557,positive,0.0,0.739,0.261,0.5106
308,#RaviVisvesvarayaSharadaPrasad  https://t.co/3T5VqyAUlY Private Networks Give Big Tech Back-Door Entry in 5G Business: Telcos' Body, ravivisvesvarayasharadaprasad    private networks give big tech back door entry in 5g business  telcos  body,0.0,0.15833333333333333,neutral,0.0,1.0,0.0,0.0
309,"RT @AxiadoCorp: We are thrilled to add a new advisor and three new vice presidents to the team. Welcome @SrinivasMukkam2 , Sanjeev Khushu,‚Ä¶", we are thrilled to add a new advisor and three new vice presidents to the team  welcome     sanjeev khushu  ,0.4181818181818182,0.6272727272727273,positive,0.0,0.731,0.269,0.7096
310,cisco„ÅÆL3„Çè„Åã„Çã‰∫∫Êïô„Åà„Å¶orz,cisco l3       orz,0.0,0.0,neutral,0.0,1.0,0.0,0.0
311,"RT @NurhaanSultan: Sultan Abd√ºlhamid Han, Osmanlƒ± topraklarƒ±ndaki petrol rezervlerinin bulunup tespit edilmesi i√ßin Hazine-i Hassa'dan √∂den‚Ä¶", sultan abd lhamid han  osmanl  topraklar ndaki petrol rezervlerinin bulunup tespit edilmesi i in hazine i hassa dan  den ,0.0,0.0,neutral,0.0,1.0,0.0,0.0
312,Very woke,very woke,0.2,0.3,neutral,0.0,1.0,0.0,0.0
313,"RT @osmannuritopbas: Had√Æs-i ≈üer√Æflerde buyruluyor:
‚ÄúFakirleri kollayƒ±p g√∂zetin! Aranƒ±zdaki zayƒ±flar s√¢yesinde Allah‚Äôtan yardƒ±m g√∂r√ºp rƒ±zƒ±k‚Ä¶", had s i  er flerde buyruluyor   fakirleri kollay p g zetin  aran zdaki zay flar s yesinde allah tan yard m g r p r z k ,0.0,0.0,neutral,0.0,1.0,0.0,0.0
314,"RT @osmannnurika: Darbeye direnenler yerine
milli iradeye kast edenlerle fotoƒüraf vermek, ≈üehitlerimizin ruhuna saygƒ±sƒ±zlƒ±ktƒ±r.

Merhum Kar‚Ä¶", darbeye direnenler yerine milli iradeye kast edenlerle foto raf vermek   ehitlerimizin ruhuna sayg s zl kt r   merhum kar ,0.0,0.0,neutral,0.0,1.0,0.0,0.0
315,RT @Cisco: We've come a long way since 2020 when many of us started #WFH. Share a photo of your current set-up in the comments below on thi‚Ä¶, we ve come a long way since 2020 when many of us started  wfh  share a photo of your current set up in the comments below on thi ,0.15,0.43333333333333335,positive,0.0,0.919,0.081,0.296
320,"„Ç≥„É≠„Éä„ÅÆÈñì„ÅßÊÄ•ÊàêÈï∑„ÅóZoom„ÄÅ„Ç®„É≥„Çø„Éó„É©„Ç§„Ç∫Â∏ÇÂ†¥„Å®„ÅÑ„ÅÜËá™ÂàÜ„Åü„Å°„ÅÆ„É´„Éº„ÉÑ„Å´Êàª„Çã„Å®„ÄÇ
https://t.co/5by0rjZip1

ÁµêÂ±Ä40ÂàÜ„ÅßÂàá„Çå„Å°„ÇÉ„Å£„Å¶„ÇÇ„ÅÑ„ÅÑ„Å®ÊÄù„ÅÜ‰∫∫„ÅØ„ÄÅÂÖ•„ÇäÁõ¥„Åô„Åß„ÅÑ„ÅÑ„Å£„Å¶„Åì„Å®„Åã„Å≠„ÄÇÁü•ÂêçÂ∫¶„ÅØ‰∏ä„Åå„Å£„Å¶„ÅÑ„Çã„Åó„ÄÅ„Éû„Ç§‚Ä¶ https://t.co/s6AHYhhUy0",          zoom                                40                                                ,0.0,0.0,neutral,0.0,1.0,0.0,0.0
324,RT @danieldibswe: Did you know there is a show bgp best-path-reason command to find the #BGP best path on #Cisco devices? It can be tedious‚Ä¶, did you know there is a show bgp best path reason command to find the  bgp best path on  cisco devices  it can be tedious ,0.5,0.5333333333333333,positive,0.0,0.724,0.276,0.8555
325,"#ReportsGlobe-#Server #Virtualization #Software #Market

Read more at : https://t.co/nenUm5EE98

Top Key Players :‚Ä¶ https://t.co/BqFE47tmbT", reportsglobe  server  virtualization  software  market  read more at      top key players     ,0.3333333333333333,0.6666666666666666,positive,0.0,0.828,0.172,0.2682
326,Free Course online: Introduction to Cybersecurity by Cisco Networking Academy https://t.co/Qn0nSgQWJa reddit redteamsec,free course online  introduction to cybersecurity by cisco networking academy   reddit redteamsec,0.4,0.8,positive,0.0,0.769,0.231,0.5106
328,Sneaky little rat dedication and I shared enough and time to move on and not advertising what I do,sneaky little rat dedication and i shared enough and time to move on and not advertising what i do,-0.09375,0.5,positive,0.098,0.777,0.124,0.128
329,Free Course online: Introduction to Cybersecurity by Cisco Networking Academy https://t.co/2czuq94MlP #redteamsec,free course online  introduction to cybersecurity by cisco networking academy    redteamsec,0.4,0.8,positive,0.0,0.752,0.248,0.5106
331,"What is BGP RR Cluster ? How to configure Cluster RR server?
https://t.co/orUTLN0mxx

 #cisco #ciscogateway‚Ä¶ https://t.co/l5QZaEC5ek",what is bgp rr cluster   how to configure cluster rr server       cisco  ciscogateway   ,0.0,0.0,neutral,0.0,1.0,0.0,0.0
332,"Pieces or out of context a fathoming their own paranoia and illusions, and are dedicated to prevent others to get ahead of themselves",pieces or out of context a fathoming their own paranoia and illusions  and are dedicated to prevent others to get ahead of themselves,0.6,1.0,positive,0.08,0.757,0.163,0.2732
333,I want to do it professionally and looking towards solid mentorship to bring things together and I decided to tone‚Ä¶ https://t.co/tMivMmtQst,i want to do it professionally and looking towards solid mentorship to bring things together and i decided to tone   ,0.05,0.1,positive,0.0,0.847,0.153,0.2263
334,Goth,goth,0.0,0.0,neutral,0.0,1.0,0.0,0.0
340,"„Éñ„É¨„Éº„Ç´„ÉºËêΩ„Å°„ÅüÊôÇ„Å´
Cisco 3750„ÅåÈÄù„Å£„Åü„ÅÇ„ÅÇ„ÅÇ„ÅÇ„ÅÇ„ÅÇ„ÅÇ„ÅÇ„ÅÇ„ÅÇ„ÅÇ„ÅÇ„ÅÇ„ÅÇ„ÅÇ„ÅÇ„ÅÇ„ÅÇ„ÅÇ

Â§öÂàÜÈÅéÈõªÊµÅ....

24port„ÅÆ„Åß„Åæ„Å®„ÇÇ„Å´‰Ωø„Åà„Çã„ÅÆ‰Ωï„Å´„Åó„Çà„ÅÜ...
YAMAHA„Å´„Åó„Çà„ÅÜ„Åã„Éç„ÉÉ„Éà„ÇÆ„Ç¢„Å´„Åó„Çà„ÅÜ„ÅãÊÇ©„ÇÄ....

Cisco„Åå„ÅÇ„Çå„Å∞‰∏ÄÁï™„ÅÑ„ÅÑ„Çì„Å†„Åë„Å©„Å™„ÅÇ...",           cisco 3750                                    24port                   yamaha                       cisco                 ,0.0,0.0,neutral,0.0,1.0,0.0,0.0
342,"Wireless Catalyst 9800 WLC KPIs, Part 1 https://t.co/mp6FALiaz0 https://t.co/W4mcSyUXqy",wireless catalyst 9800 wlc kpis  part 1    ,0.0,0.0,neutral,0.0,1.0,0.0,0.0
343,RT @joeclark947: @CIOonline @WIRED @kaspersky  @avast_antivirus @AVGFree @ESET @TheHackersNews @Microsoft @symantec @Cisco @intel @aw @Azur‚Ä¶,          antivirus                   ,0.0,0.0,neutral,0.0,1.0,0.0,0.0
344,"RT @ProfIsaPantami: CISCO SAFARI INTERNATIONAL CONFERENCE!
The Special Guest of Honour, @ProfIsaPantami making his remarks during the @Cisc‚Ä¶", cisco safari international conference  the special guest of honour    making his remarks during the   ,0.17857142857142858,0.2857142857142857,positive,0.0,0.652,0.348,0.7506
345,I‚Äôm Instagram is lit asf everyone cracks me up üòÇ,i m instagram is lit asf everyone cracks me up  ,0.0,0.0,neutral,0.0,1.0,0.0,0.0
346,@Iamucli American Werewolf in London and the original 1941 the Wolfman starring Lon Chaney Jr. And Bela Lugosi are‚Ä¶ https://t.co/ELZ3sfFQc1,  american werewolf in london and the original 1941 the wolfman starring lon chaney jr  and bela lugosi are   ,0.1875,0.375,positive,0.0,0.881,0.119,0.3182
347,"I've entered @LearningatCisco's #Cybersecurity Giveaway and now I want to share it with you! Enter through June 30,‚Ä¶ https://t.co/DKZiX2inqC",i ve entered   s  cybersecurity giveaway and now i want to share it with you  enter through june 30    ,0.0,0.0,positive,0.0,0.8,0.2,0.3612
348,Help how he steps into,help how he steps into,0.0,0.0,positive,0.0,0.597,0.403,0.4019
349,"Ce mois de juillet commence 
C'est un mois important car je vais passer la certification Cisco c'est un pan importa‚Ä¶ https://t.co/mz6Qu8Iehg",ce mois de juillet commence  c est un mois important car je vais passer la certification cisco c est un pan importa   ,0.4,1.0,positive,0.0,0.913,0.087,0.2023
350,"@Iamucli Five All the way, the ghoulish decaying best friend rotten more and more each day into oblivion and the sp‚Ä¶ https://t.co/6aOxWnHnyY",  five all the way  the ghoulish decaying best friend rotten more and more each day into oblivion and the sp   ,0.6666666666666666,0.43333333333333335,positive,0.204,0.544,0.252,0.34
351,"I've entered @LearningatCisco's #Cybersecurity Giveaway and now I want to share it with you! Enter through June 30,‚Ä¶ https://t.co/GiAWxNuIMZ",i ve entered   s  cybersecurity giveaway and now i want to share it with you  enter through june 30    ,0.0,0.0,positive,0.0,0.8,0.2,0.3612
352,Indian Defence News #Sigfox #covid via https://t.co/dlIZm9x6D5 https://t.co/XtpJ6h60i6,indian defence news  sigfox  covid via    ,0.0,0.0,positive,0.0,0.781,0.219,0.1027
353,RT @zgldz: –†–æ—Å—Å–∏–π—Å–∫–∏–µ –∫–æ–º–ø–∞–Ω–∏–∏ –Ω–µ —Å–º–æ–≥–ª–∏ –ø—Ä–æ–¥–ª–∏—Ç—å –ª–∏—Ü–µ–Ω–∑–∏–∏ –Ω–∞ —Å–µ—Ç–µ–≤–æ–µ –æ–±–æ—Ä—É–¥–æ–≤–∞–Ω–∏–µ Cisco –∏ —Å–µ—Ä–≤–µ—Ä—ã IBM. –ü–æ—Å–ª–µ –æ–∫–æ–Ω—á–∞–Ω–∏—è –ª–∏—Ü–µ–Ω–∑–∏–π —Ç–µ—Ö–Ω–∏–∫–∞ –ø–µ‚Ä¶,                                                                         cisco           ibm                                      ,0.0,0.0,neutral,0.0,1.0,0.0,0.0
354,RT @Totojeed: ‡πÉ‡∏ä‡πâ feeling ‡∏°‡∏≠‡∏á‡∏õ‡∏£‡∏∞‡∏ß‡∏±‡∏ï‡∏¥‡∏®‡∏≤‡∏™‡∏ï‡∏£‡πå‡∏ï‡∏±‡∏ß‡∏ó‡∏µ‡πà ‡∏à‡∏∞‡∏°‡∏µ‡∏Ñ‡∏ô‡πÉ‡∏ä‡πâ‡∏°‡∏≤‡∏Å‡∏°‡∏≤‡∏¢‡∏ó‡∏±‡πà‡∏ß‡πÇ‡∏•‡∏Å‡πÄ‡∏û‡∏¥‡πà‡∏°‡∏Ç‡∏∂‡πâ‡∏ô ‡∏≠‡∏¢‡πà‡∏≤‡∏á Ethereum ‡πÅ‡∏ï‡πà‡πÉ‡∏ô‡∏°‡∏∏‡∏°‡∏ú‡∏•‡∏ï‡∏≠‡∏ö‡πÅ‡∏ó‡∏ô ‡∏à‡∏∞‡πÑ‡∏°‡πà‡∏°‡∏µ‡∏ó‡∏≤‡∏á‡∏°‡∏≤‡∏Å‡πÄ‡∏´‡∏°‡∏∑‡∏≠‡∏ô‡πÄ‡∏°‡∏∑‡πà‡∏≠‡∏Å‡πà‚Ä¶,     feeling                                                              ethereum                                             ,0.0,0.0,positive,0.0,0.4,0.6,0.128
355,RT @mlbshitpostbot: I love the Los Angeles Dodgers., i love the los angeles dodgers ,0.5,0.6,positive,0.0,0.488,0.512,0.6369
356,Transforming Cyber Operations with Network Infrastructure as Code (IaC) https://t.co/TRCR6i6pjr https://t.co/n3EvKy5xKB,transforming cyber operations with network infrastructure as code  iac     ,0.0,0.0,neutral,0.0,1.0,0.0,0.0
357,Lumen says Cisco and Netgear routers could be targets for newly discovered malware  https://t.co/kzstMOXl9Y,lumen says cisco and netgear routers could be targets for newly discovered malware   ,0.13636363636363635,0.45454545454545453,neutral,0.0,1.0,0.0,0.0
358,"BGP,OT,51522,ONLINE, RU,-,Outage affected 17 prefixes, https://t.co/o1iN8UJReT",bgp ot 51522 online  ru   outage affected 17 prefixes   ,0.0,0.0,negative,0.167,0.833,0.0,-0.1531
359,RT @A253961474111: Êú¨ÂΩì„Å´ÊÄù„ÅÑ„Åæ„Åô https://t.co/N7vLiyRmvm,          ,0.0,0.0,neutral,0.0,0.0,0.0,0.0
360,Transforming Cyber Operations with Network Infrastructure as Code (IaC) https://t.co/dc01dkN7qs https://t.co/g7OFxPY3OK,transforming cyber operations with network infrastructure as code  iac     ,0.0,0.0,neutral,0.0,1.0,0.0,0.0
363,India's enterprise networking market grows 6.9% in Q1 #NetworkingMarket #Wlan #Juniper #HewlettPackardEnterprise‚Ä¶ https://t.co/wV5fMtadbW,india s enterprise networking market grows 6 9  in q1  networkingmarket  wlan  juniper  hewlettpackardenterprise   ,0.0,0.0,neutral,0.0,1.0,0.0,0.0
364,Pretty cool at least I thought it was a bit creative with a splash of Walt Disney in the tweets,pretty cool at least i thought it was a bit creative with a splash of walt disney in the tweets,0.2,0.7625,positive,0.0,0.625,0.375,0.8126
365,India's enterprise networking market grows 6.9% in Q1 #NetworkingMarket #Wlan #Juniper #HewlettPackardEnterprise‚Ä¶ https://t.co/KyZFCH8rNw,india s enterprise networking market grows 6 9  in q1  networkingmarket  wlan  juniper  hewlettpackardenterprise   ,0.0,0.0,neutral,0.0,1.0,0.0,0.0
366,@EarthJill @BradyStrachan Maybe you‚Äôre thinking of Cisco? Right nearby. https://t.co/sc483ol8HK,    maybe you re thinking of cisco  right nearby   ,0.2857142857142857,0.5357142857142857,neutral,0.0,1.0,0.0,0.0
367,People in AZ treat stop signs like yield signs and they treat yield signs like green lights,people in az treat stop signs like yield signs and they treat yield signs like green lights,-0.2,0.3,positive,0.089,0.488,0.423,0.802
368,RT @Dodgers: W. https://t.co/n08ZnZQdK0, w   ,0.0,0.0,neutral,0.0,0.0,0.0,0.0
369,Indian Defence News #Sigfox #covid via https://t.co/97SS1vityX https://t.co/ZHjeLbAdYR,indian defence news  sigfox  covid via    ,0.0,0.0,positive,0.0,0.781,0.219,0.1027
